InstanceID,N,K,B,OptimalMakespan,LS_MaxGroupSum,LS_Time(us),LPT_MaxGroupSum,LPT_Time(us),MULTIFIT_MaxGroupSum,MULTIFIT_Time(us)
1,10,2,8,30,32,279,30,9,30,58
2,10,2,8,31,36,6,31,7,31,47
3,10,2,8,26,27,6,26,7,26,46
4,10,2,8,28,30,6,29,7,28,46
5,10,2,8,40,41,6,40,7,41,46
6,10,2,8,35,41,6,35,7,35,46
7,10,2,8,36,37,6,36,7,36,68
8,10,2,8,12,14,6,12,7,12,45
9,10,2,8,21,22,6,21,7,21,46
10,10,2,8,24,25,6,24,7,24,45
11,10,2,8,11,12,6,11,7,11,46
12,10,2,8,16,17,6,16,7,16,45
13,10,2,8,33,44,6,33,7,33,46
14,10,2,8,14,15,6,14,7,14,45
15,10,2,8,35,37,6,35,7,35,45
16,10,2,8,27,27,6,27,7,27,45
17,10,2,8,23,23,6,23,7,23,46
18,10,2,8,39,41,6,39,7,39,46
19,10,2,8,27,28,6,27,7,27,47
20,10,2,8,38,47,6,38,7,38,47
21,10,2,8,36,42,6,36,7,36,46
22,10,2,8,40,40,6,40,7,40,46
23,10,2,8,38,42,6,38,7,38,47
24,10,2,8,28,35,6,28,26,28,46
25,10,2,8,17,17,6,17,7,17,45
26,10,2,16,887,1138,6,887,7,893,46
27,10,2,16,396,398,9,396,11,399,46
28,10,2,16,231,267,6,231,7,232,47
29,10,2,16,457,479,6,464,7,464,46
30,10,2,16,1150,1330,6,1150,7,1157,45
31,10,2,16,2224,2270,6,2236,7,2238,47
32,10,2,16,1981,1998,6,1981,7,1993,46
33,10,2,16,3221,3226,6,3221,46,3240,47
34,10,2,16,787,1102,7,787,7,790,46
35,10,2,16,1294,1302,6,1298,7,1303,47
36,10,2,16,338,361,6,338,7,340,47
37,10,2,16,1018,1080,6,1020,7,1023,47
38,10,2,16,2325,2345,6,2326,7,2332,50
39,10,2,16,546,718,7,546,7,549,79
40,10,2,16,2212,2474,6,2218,8,2215,46
41,10,2,16,1177,1194,6,1223,7,1181,45
42,10,2,16,2281,2968,6,2311,7,2297,46
43,10,2,16,1125,1151,6,1125,7,1131,45
44,10,2,16,218,253,5,221,7,219,45
45,10,2,16,545,710,6,547,7,548,46
46,10,2,16,318,439,6,318,7,320,46
47,10,2,16,181,185,6,182,7,182,46
48,10,2,16,2741,3835,6,2741,7,2759,46
49,10,2,16,675,785,6,675,7,680,46
50,10,2,16,2753,3082,6,2778,7,2805,45
51,10,2,20,14587,20489,6,14626,7,14695,46
52,10,2,20,43265,44255,6,43304,7,43425,44
53,10,2,20,26203,30139,6,26203,8,26407,46
54,10,2,20,38059,45878,6,38059,7,38255,46
55,10,2,20,20567,21669,6,20594,7,20725,45
56,10,2,20,2918,2924,6,2918,23,2932,44
57,10,2,20,23879,25002,5,23879,7,24049,45
58,10,2,20,33244,39346,6,33257,7,33462,45
59,10,2,20,12582,16791,6,12582,7,12643,46
60,10,2,20,35919,44178,6,36319,7,36153,46
61,10,2,20,42916,42954,6,42944,7,43214,45
62,10,2,20,43188,45663,6,43459,7,43311,46
63,10,2,20,13060,13068,6,13068,7,13098,46
64,10,2,20,27170,27185,6,27170,7,27185,46
65,10,2,20,43005,52655,6,43005,7,43634,46
66,10,2,20,3301,3468,6,3348,7,3349,46
67,10,2,20,36639,48926,6,36639,7,36917,45
68,10,2,20,29233,38313,6,29233,7,29281,46
69,10,2,20,31768,37151,6,31942,7,31867,45
70,10,2,20,17817,18030,6,18030,7,17943,45
71,10,2,20,46305,46478,6,46478,7,46501,46
72,10,2,20,4090,5721,6,4090,7,4117,60
73,10,2,20,31269,31456,5,31269,7,31509,45
74,10,2,20,48999,49395,6,48999,7,49339,46
75,10,2,20,1912,2364,6,1914,7,1915,46
76,9,3,8,29,37,8,29,8,29,52
77,9,3,8,12,14,7,12,8,12,49
78,9,3,8,22,23,7,22,8,22,48
79,9,3,8,18,27,7,19,8,18,49
80,9,3,8,40,45,7,40,8,41,48
81,9,3,8,16,20,7,16,8,16,49
82,9,3,8,25,27,7,26,8,26,49
83,9,3,8,34,37,7,35,8,34,49
84,9,3,8,13,18,7,13,8,13,48
85,9,3,8,22,23,7,22,8,23,48
86,9,3,8,37,54,7,37,8,37,49
87,9,3,8,31,40,7,31,8,31,49
88,9,3,8,37,46,7,37,8,37,65
89,9,3,8,38,50,7,38,8,38,48
90,9,3,8,26,29,7,26,8,26,48
91,9,3,8,23,27,7,24,8,24,47
92,9,3,8,38,41,7,39,8,39,49
93,9,3,8,10,11,7,10,8,11,60
94,9,3,8,35,46,7,37,8,35,2071
95,9,3,8,12,16,12,12,10,12,55
96,9,3,8,32,36,66,32,9,32,73
97,9,3,8,12,14,7,12,8,12,2710
98,9,3,8,28,33,12,29,10,30,53
99,9,3,8,33,38,7,34,8,34,160
100,9,3,8,18,25,12,19,11,18,55
101,9,3,16,768,954,8,790,8,816,52
102,9,3,16,2158,2242,231,2294,9,2205,54
103,9,3,16,744,889,7,744,9,749,51
104,9,3,16,233,271,8,243,8,234,50
105,9,3,16,430,442,7,446,8,435,51
106,9,3,16,1405,1607,7,1405,8,1420,52
107,9,3,16,277,404,7,277,8,281,52
108,9,3,16,621,672,7,621,8,652,49
109,9,3,16,1714,1934,7,1714,8,1723,49
110,9,3,16,1568,2084,7,1568,8,1617,49
111,9,3,16,1260,1351,7,1260,9,1260,50
112,9,3,16,874,1085,7,899,8,895,49
113,9,3,16,317,493,7,340,8,318,49
114,9,3,16,1202,1590,7,1220,8,1202,49
115,9,3,16,966,1033,7,966,9,968,49
116,9,3,16,1751,2164,7,1751,8,1844,49
117,9,3,16,302,411,7,307,8,305,49
118,9,3,16,1929,2390,7,1963,8,1953,49
119,9,3,16,2032,2792,7,2077,7,2032,49
120,9,3,16,1330,1408,7,1330,8,1337,50
121,9,3,16,94,108,7,94,9,94,49
122,9,3,16,2135,2865,7,2147,8,2138,49
123,9,3,16,2024,2281,7,2054,8,2148,49
124,9,3,16,1325,1795,7,1390,8,1350,49
125,9,3,16,1650,1827,7,1655,8,1653,49
126,9,3,20,16551,23490,7,16551,8,16589,49
127,9,3,20,27092,36653,7,27361,8,27092,50
128,9,3,20,32679,38946,7,32788,8,33655,49
129,9,3,20,8596,11181,7,8596,8,8652,50
130,9,3,20,15692,18048,7,15716,8,15692,50
131,9,3,20,26748,37555,7,26748,8,27294,49
132,9,3,20,10100,10434,7,10382,8,10411,48
133,9,3,20,31631,38023,60,31871,8,32820,48
134,9,3,20,33318,48801,7,33318,8,33550,48
135,9,3,20,33285,37077,7,34312,8,33728,49
136,9,3,20,32099,38042,7,35838,8,32099,48
137,9,3,20,24730,31836,7,26128,9,25643,49
138,9,3,20,15316,18258,7,15431,8,15316,51
139,9,3,20,24994,28883,7,24994,8,25011,50
140,9,3,20,8283,10095,7,8283,8,8336,48
141,9,3,20,34478,45530,7,34478,8,35470,49
142,9,3,20,30778,37315,7,30778,8,30778,49
143,9,3,20,21542,28759,7,21542,8,21542,49
144,9,3,20,2362,2901,7,2379,8,2435,48
145,9,3,20,6461,7318,7,6473,8,6495,49
146,9,3,20,19635,21325,7,20651,8,19664,49
147,9,3,20,24575,32003,7,24649,8,24575,49
148,9,3,20,11810,12855,7,11923,8,11875,49
149,9,3,20,15793,17272,7,17024,8,15876,49
150,9,3,20,16654,17935,7,16654,8,16678,107
151,8,4,8,31,37,8,31,8,31,51
152,8,4,8,40,50,7,40,8,40,49
153,8,4,8,32,41,7,32,8,32,48
154,8,4,8,16,24,6,16,8,16,49
155,8,4,8,17,22,7,17,8,17,48
156,8,4,8,10,14,6,10,8,10,48
157,8,4,8,39,43,7,39,8,39,47
158,8,4,8,17,23,6,17,7,17,48
159,8,4,8,38,58,7,38,8,38,48
160,8,4,8,28,40,7,28,8,28,48
161,8,4,8,39,48,7,39,8,39,48
162,8,4,8,16,25,7,16,7,16,48
163,8,4,8,21,31,7,21,8,21,48
164,8,4,8,18,27,7,18,8,18,47
165,8,4,8,24,33,7,24,7,24,48
166,8,4,8,33,39,7,33,7,33,48
167,8,4,8,10,13,7,10,7,10,48
168,8,4,8,21,24,7,21,8,21,49
169,8,4,8,13,21,7,13,8,13,49
170,8,4,8,29,39,6,29,7,29,48
171,8,4,8,30,36,7,30,8,30,48
172,8,4,8,39,50,7,39,8,39,48
173,8,4,8,11,17,7,11,8,11,48
174,8,4,8,13,15,7,13,7,13,47
175,8,4,8,24,30,7,24,8,24,48
176,8,4,16,868,1257,7,868,8,868,48
177,8,4,16,859,1028,7,859,8,864,47
178,8,4,16,1270,1704,7,1270,8,1270,48
179,8,4,16,454,666,7,454,7,456,48
180,8,4,16,752,984,7,752,8,752,48
181,8,4,16,1330,1705,7,1330,7,1330,48
182,8,4,16,398,505,7,398,8,398,48
183,8,4,16,444,698,7,444,7,445,49
184,8,4,16,113,157,6,113,8,113,47
185,8,4,16,1621,2130,7,1621,8,1621,48
186,8,4,16,1145,1375,6,1145,8,1151,49
187,8,4,16,1595,1969,7,1595,8,1601,48
188,8,4,16,306,455,7,306,8,306,48
189,8,4,16,235,300,7,235,7,235,48
190,8,4,16,40,54,7,40,7,40,48
191,8,4,16,42,58,7,42,8,42,77
192,8,4,16,1529,2212,7,1529,8,1530,48
193,8,4,16,140,204,7,140,8,140,48
194,8,4,16,1225,1697,7,1225,8,1225,48
195,8,4,16,1269,1646,7,1269,8,1269,48
196,8,4,16,1327,1549,7,1327,8,1327,47
197,8,4,16,883,1290,7,883,7,883,47
198,8,4,16,918,1029,7,918,8,925,47
199,8,4,16,313,475,7,313,8,313,57
200,8,4,16,1133,1439,7,1133,7,1133,48
201,8,4,20,14877,23160,7,14877,8,14877,48
202,8,4,20,25998,29624,7,25998,8,26122,48
203,8,4,20,25207,29181,7,25207,7,25301,47
204,8,4,20,14806,20314,7,14806,7,14806,47
205,8,4,20,14870,21649,7,14870,8,14870,48
206,8,4,20,10251,11263,7,10251,8,10310,47
207,8,4,20,5011,6309,7,5011,8,5011,48
208,8,4,20,3064,4336,7,3064,8,3087,47
209,8,4,20,12220,14341,7,12220,8,12220,48
210,8,4,20,18412,21072,7,18412,7,18418,48
211,8,4,20,11596,13813,7,11596,7,11643,48
212,8,4,20,19684,29177,7,19684,7,19684,48
213,8,4,20,16636,20872,7,16636,7,16636,48
214,8,4,20,3556,4422,7,3556,8,3556,48
215,8,4,20,3774,5479,7,3774,7,3774,48
216,8,4,20,14071,19787,7,14071,8,14071,48
217,8,4,20,20382,22094,7,20382,8,20532,48
218,8,4,20,21565,25411,7,21565,8,21565,47
219,8,4,20,23036,34936,7,23036,7,23036,48
220,8,4,20,5954,7310,7,5954,8,5954,48
221,8,4,20,2290,2755,7,2290,7,2299,48
222,8,4,20,7059,8243,7,7059,8,7059,48
223,8,4,20,5167,7264,7,5167,7,5167,48
224,8,4,20,19547,26370,6,19547,7,19607,47
225,8,4,20,24731,31862,7,24731,8,24759,48
226,8,8,8,18,18,10,18,9,18,59
227,8,8,8,24,24,9,24,9,24,56
228,8,8,8,31,31,9,31,9,31,56
229,8,8,8,23,23,8,23,9,23,55
230,8,8,8,25,25,21,25,11,25,70
231,8,8,8,29,29,9,29,9,29,57
232,8,8,8,24,24,9,24,9,24,56
233,8,8,8,23,23,9,23,9,23,56
234,8,8,8,18,18,9,18,9,18,56
235,8,8,8,16,16,9,16,80,16,57
236,8,8,8,34,34,9,34,9,34,55
237,8,8,8,26,26,9,26,9,26,55
238,8,8,8,13,13,8,13,9,13,55
239,8,8,8,21,21,9,21,9,21,56
240,8,8,8,23,23,9,23,9,23,56
241,8,8,8,13,13,9,13,9,13,56
242,8,8,8,19,19,9,19,9,19,55
243,8,8,8,31,31,9,31,9,31,55
244,8,8,8,31,31,9,31,9,31,55
245,8,8,8,28,28,9,28,9,28,56
246,8,8,8,25,25,9,25,9,25,55
247,8,8,8,26,26,9,26,9,26,55
248,8,8,8,31,31,9,31,9,31,55
249,8,8,8,19,19,9,19,9,19,56
250,8,8,8,11,11,9,11,9,11,55
251,8,8,16,235,235,9,235,9,235,55
252,8,8,16,414,414,9,414,9,414,56
253,8,8,16,623,623,9,623,9,623,55
254,8,8,16,66,66,9,66,9,66,55
255,8,8,16,17,17,9,17,9,17,55
256,8,8,16,219,219,9,219,9,219,55
257,8,8,16,318,318,9,318,9,318,55
258,8,8,16,226,226,9,226,9,226,55
259,8,8,16,795,795,9,795,9,795,55
260,8,8,16,150,150,9,150,9,150,55
261,8,8,16,792,792,9,792,9,792,55
262,8,8,16,271,271,9,271,9,271,55
263,8,8,16,306,306,9,306,9,306,55
264,8,8,16,345,345,9,345,9,345,55
265,8,8,16,132,132,9,132,9,132,55
266,8,8,16,17,17,9,17,9,17,55
267,8,8,16,519,519,9,519,9,519,55
268,8,8,16,774,774,9,774,9,774,55
269,8,8,16,450,450,8,450,9,450,55
270,8,8,16,189,189,9,189,9,189,55
271,8,8,16,142,142,9,142,9,142,55
272,8,8,16,399,399,9,399,9,399,55
273,8,8,16,555,555,9,555,9,555,55
274,8,8,16,730,730,9,730,9,730,55
275,8,8,16,245,245,9,245,9,245,55
276,8,8,20,8206,8206,28,8206,9,8206,55
277,8,8,20,9164,9164,9,9164,9,9164,55
278,8,8,20,10955,10955,8,10955,9,10955,55
279,8,8,20,5812,5812,9,5812,9,5812,55
280,8,8,20,1190,1190,9,1190,9,1190,55
281,8,8,20,6515,6515,9,6515,9,6515,55
282,8,8,20,12167,12167,9,12167,9,12167,55
283,8,8,20,703,703,9,703,9,703,55
284,8,8,20,7157,7157,9,7157,9,7157,55
285,8,8,20,317,317,9,317,9,317,55
286,8,8,20,7542,7542,9,7542,9,7542,55
287,8,8,20,1285,1285,9,1285,9,1285,64
288,8,8,20,5139,5139,8,5139,9,5139,56
289,8,8,20,9443,9443,9,9443,9,9443,186
290,8,8,20,7043,7043,9,7043,201,7043,153
291,8,8,20,9404,9404,9,9404,9,9404,57
292,8,8,20,6636,6636,9,6636,9,6636,177
293,8,8,20,11634,11634,11,11634,11,11634,62
294,8,8,20,10498,10498,9,10498,9,10498,265
295,8,8,20,6853,6853,10,6853,9,6853,137
296,8,8,20,4753,4753,18,4753,11,4753,146
297,8,8,20,1897,1897,9,1897,9,1897,290
298,8,8,20,6646,6646,10,6646,10,6646,57
299,8,8,20,351,351,9,351,9,351,55
300,8,8,20,5331,5331,9,5331,9,5331,55
301,16,16,8,15,15,19,15,18,15,164
302,16,16,8,35,35,17,35,18,35,115
303,16,16,8,40,40,17,40,17,40,116
304,16,16,8,29,29,16,29,17,29,114
305,16,16,8,24,24,16,24,17,24,114
306,16,16,8,36,36,16,36,18,36,116
307,16,16,8,32,32,17,32,17,32,115
308,16,16,8,39,39,17,39,17,39,115
309,16,16,8,21,21,16,21,17,21,114
310,16,16,8,12,12,16,12,17,12,113
311,16,16,8,23,23,17,23,17,23,163
312,16,16,8,37,37,16,37,17,37,113
313,16,16,8,13,13,16,13,18,13,113
314,16,16,8,17,17,16,17,17,17,114
315,16,16,8,23,23,16,23,17,23,113
316,16,16,8,28,28,16,28,17,28,113
317,16,16,8,22,22,16,22,17,22,113
318,16,16,8,26,26,16,26,17,26,113
319,16,16,8,12,12,16,12,17,12,113
320,16,16,8,22,22,16,22,17,22,114
321,16,16,8,37,37,16,37,17,37,113
322,16,16,8,19,19,17,19,18,19,118
323,16,16,8,33,33,16,33,31,33,1377
324,16,16,8,20,20,24,20,19,20,119
325,16,16,8,17,17,17,17,18,17,117
326,16,16,16,180,180,17,180,18,180,116
327,16,16,16,408,408,17,408,18,408,114
328,16,16,16,96,96,17,96,18,96,186
329,16,16,16,49,49,17,49,18,49,116
330,16,16,16,271,271,17,271,18,271,116
331,16,16,16,334,334,17,334,18,334,115
332,16,16,16,68,68,16,68,17,68,116
333,16,16,16,281,281,17,281,18,281,116
334,16,16,16,271,271,30,271,18,271,115
335,16,16,16,109,109,17,109,17,109,114
336,16,16,16,407,407,16,407,17,407,114
337,16,16,16,188,188,16,188,17,188,114
338,16,16,16,189,189,16,189,48,189,115
339,16,16,16,382,382,16,382,18,382,114
340,16,16,16,340,340,16,340,18,340,113
341,16,16,16,85,85,16,85,17,85,114
342,16,16,16,130,130,16,130,17,130,114
343,16,16,16,62,62,16,62,17,62,114
344,16,16,16,84,84,16,84,17,84,114
345,16,16,16,141,141,16,141,17,141,114
346,16,16,16,111,111,16,111,18,111,114
347,16,16,16,98,98,16,98,17,98,114
348,16,16,16,318,318,16,318,17,318,114
349,16,16,16,88,88,16,88,17,88,113
350,16,16,16,399,399,17,399,18,399,113
351,16,16,20,6228,6228,16,6228,17,6228,114
352,16,16,20,5379,5379,16,5379,17,5379,114
353,16,16,20,627,627,16,627,18,627,122
354,16,16,20,1461,1461,16,1461,17,1461,114
355,16,16,20,6341,6341,16,6341,17,6341,113
356,16,16,20,5154,5154,16,5154,17,5154,114
357,16,16,20,4057,4057,17,4057,17,4057,114
358,16,16,20,3810,3810,16,3810,17,3810,113
359,16,16,20,6190,6190,17,6190,18,6190,115
360,16,16,20,4628,4628,16,4628,17,4628,114
361,16,16,20,6234,6234,16,6234,17,6234,114
362,16,16,20,4757,4757,16,4757,18,4757,114
363,16,16,20,3687,3687,16,3687,17,3687,115
364,16,16,20,5589,5589,16,5589,18,5589,114
365,16,16,20,4634,4634,16,4634,17,4634,114
366,16,16,20,5277,5277,16,5277,18,5277,123
367,16,16,20,5214,5214,16,5214,18,5214,114
368,16,16,20,5126,5126,16,5126,17,5126,114
369,16,16,20,2657,2657,16,2657,17,2657,116
370,16,16,20,5148,5148,16,5148,17,5148,114
371,16,16,20,2599,2599,16,2599,17,2599,114
372,16,16,20,1246,1246,16,1246,17,1246,113
373,16,16,20,3612,3612,16,3612,17,3612,115
374,16,16,20,569,569,16,569,17,569,114
375,16,16,20,3851,3851,16,3851,17,3851,115
376,20,2,8,34,34,11,34,14,34,81
377,20,2,8,38,38,12,38,13,38,79
378,20,2,8,34,39,11,34,13,34,78
379,20,2,8,43,45,10,43,13,43,77
380,20,2,8,20,20,10,20,12,20,83
381,20,2,8,25,25,11,25,12,25,77
382,20,2,8,41,41,11,41,12,41,76
383,20,2,8,28,28,10,28,13,28,76
384,20,2,8,27,29,10,27,12,27,76
385,20,2,8,26,26,10,26,12,26,76
386,20,2,8,40,40,10,40,13,40,76
387,20,2,8,47,53,11,47,13,47,77
388,20,2,8,46,46,10,46,12,46,76
389,20,2,8,44,48,10,44,13,44,75
390,20,2,8,45,45,10,45,12,45,75
391,20,2,8,34,34,10,34,14,34,76
392,20,2,8,27,27,10,27,12,27,75
393,20,2,8,20,20,10,20,13,20,75
394,20,2,8,45,55,10,45,13,45,76
395,20,2,8,37,37,10,37,12,37,75
396,20,2,8,34,34,11,34,13,34,76
397,20,2,8,26,27,11,26,13,26,75
398,20,2,8,35,40,11,35,12,35,78
399,20,2,8,30,30,10,30,13,30,76
400,20,2,8,21,21,10,21,13,21,76
401,20,2,16,2090,2145,11,2090,14,2106,77
402,20,2,16,1518,1618,10,1518,14,1529,80
403,20,2,16,416,465,10,416,14,419,80
404,20,2,16,630,630,11,630,13,634,80
405,20,2,16,2990,3004,11,2990,13,3013,78
406,20,2,16,801,1103,11,801,14,807,81
407,20,2,16,1305,1323,10,1314,14,1315,80
408,20,2,16,2847,2852,11,2847,15,2869,82
409,20,2,16,2706,2999,12,2706,14,2727,81
410,20,2,16,2195,2241,11,2195,13,2212,79
411,20,2,16,2684,2690,11,2684,14,2704,80
412,20,2,16,783,783,11,783,12,789,78
413,20,2,16,1374,1597,12,1374,13,1384,80
414,20,2,16,375,375,11,375,13,377,77
415,20,2,16,2697,3283,10,2698,14,2718,80
416,20,2,16,567,569,11,567,13,571,80
417,20,2,16,2263,2406,10,2263,12,2280,126
418,20,2,16,2329,2402,54,2329,14,2347,77
419,20,2,16,149,171,10,149,13,150,78
420,20,2,16,2186,2249,11,2191,14,2203,77
421,20,2,16,3155,4152,11,3172,14,3179,78
422,20,2,16,1817,1891,10,1817,13,1831,77
423,20,2,16,1250,1322,10,1250,13,1259,77
424,20,2,16,1561,1611,11,1561,14,1573,78
425,20,2,16,852,853,10,852,13,858,76
426,20,2,20,31437,44994,10,31437,13,31682,77
427,20,2,20,24967,24968,10,24967,13,25162,78
428,20,2,20,27147,27181,10,27426,14,27359,77
429,20,2,20,36106,42986,11,36106,13,36388,77
430,20,2,20,4891,5398,10,4891,13,4929,77
431,20,2,20,1050,1236,10,1050,13,1058,76
432,20,2,20,40637,40844,10,40641,14,40954,78
433,20,2,20,26580,29112,10,26580,13,26769,77
434,20,2,20,13875,13993,10,13875,14,13983,77
435,20,2,20,10666,10675,10,10666,13,10749,77
436,20,2,20,50715,50919,11,50739,13,51078,77
437,20,2,20,17581,18009,10,17582,14,17714,77
438,20,2,20,5741,5802,10,5741,13,5785,76
439,20,2,20,27139,27288,10,27171,14,27308,78
440,20,2,20,27617,31207,11,27617,14,27828,78
441,20,2,20,21792,21861,10,21792,13,21950,78
442,20,2,20,48180,48790,10,48188,13,48513,77
443,20,2,20,46443,64663,10,46509,13,46783,77
444,20,2,20,4867,5234,10,4867,14,4905,77
445,20,2,20,6963,8787,10,7066,13,7017,77
446,20,2,20,1629,1745,10,1629,12,1641,76
447,20,2,20,28735,30997,10,28737,14,28955,78
448,20,2,20,21711,22029,11,21739,14,21871,77
449,20,2,20,14096,14097,11,14104,14,14426,76
450,20,2,20,25489,25593,11,25489,13,25684,77
451,18,3,8,23,24,14,23,14,23,82
452,18,3,8,35,36,14,35,15,35,83
453,18,3,8,33,33,13,33,15,33,80
454,18,3,8,29,39,12,29,13,29,79
455,18,3,8,43,43,12,43,14,43,80
456,18,3,8,25,26,12,25,14,25,79
457,18,3,8,24,27,12,24,15,24,79
458,18,3,8,40,53,12,40,15,40,80
459,18,3,8,40,40,12,40,14,40,80
460,18,3,8,38,41,12,38,14,38,80
461,18,3,8,48,52,12,48,14,48,78
462,18,3,8,43,65,12,43,14,43,79
463,18,3,8,42,45,12,42,14,42,77
464,18,3,8,24,25,12,24,14,24,78
465,18,3,8,47,52,13,47,15,47,78
466,18,3,8,27,28,12,27,14,27,79
467,18,3,8,35,39,12,35,14,35,80
468,18,3,8,20,21,11,20,14,20,1065
469,18,3,8,22,23,15,22,16,22,81
470,18,3,8,27,29,12,27,14,27,80
471,18,3,8,50,54,12,50,16,50,82
472,18,3,8,36,52,11,36,15,36,81
473,18,3,8,44,52,12,44,15,44,83
474,18,3,8,37,43,12,37,15,37,85
475,18,3,8,45,57,13,45,16,45,83
476,18,3,16,1264,1463,163,1267,17,1273,88
477,18,3,16,59,68,14,59,103,59,95
478,18,3,16,968,1021,13,971,15,975,80
479,18,3,16,275,319,13,275,15,277,81
480,18,3,16,325,407,12,326,14,327,79
481,18,3,16,1871,2019,12,1883,15,1885,82
482,18,3,16,1036,1592,12,1037,15,1044,80
483,18,3,16,437,452,12,437,14,440,78
484,18,3,16,1080,1498,12,1085,14,1084,79
485,18,3,16,1637,2031,11,1639,15,1649,80
486,18,3,16,1026,1072,12,1030,14,1031,81
487,18,3,16,2173,2757,12,2174,15,2189,82
488,18,3,16,917,1042,12,917,15,924,81
489,18,3,16,1111,1133,12,1111,15,1119,81
490,18,3,16,602,670,12,610,15,606,80
491,18,3,16,1977,2460,11,1980,14,1991,81
492,18,3,16,474,493,12,476,15,477,80
493,18,3,16,1809,1928,12,1809,14,1823,80
494,18,3,16,541,587,12,541,15,545,80
495,18,3,16,1376,1670,12,1377,15,1386,79
496,18,3,16,297,433,12,297,15,299,80
497,18,3,16,435,454,12,435,15,438,80
498,18,3,16,716,852,12,723,15,721,81
499,18,3,16,663,926,12,664,15,668,80
500,18,3,16,412,522,12,412,48,415,80
501,18,3,20,13582,15492,12,13739,15,13684,81
502,18,3,20,25416,27659,12,25455,15,25608,81
503,18,3,20,9924,11794,12,9997,15,9987,80
504,18,3,20,31138,44344,12,31193,15,31371,81
505,18,3,20,7902,9913,12,7905,16,7962,80
506,18,3,20,16920,21594,12,17062,14,17049,80
507,18,3,20,830,1137,11,830,15,836,80
508,18,3,20,26948,27020,12,26992,15,27158,81
509,18,3,20,2561,2707,12,2564,77,2580,82
510,18,3,20,6456,8243,12,6487,14,6495,80
511,18,3,20,31769,37676,12,31770,14,32009,81
512,18,3,20,1917,2088,12,1947,14,1922,80
513,18,3,20,26034,31919,12,26040,15,26229,82
514,18,3,20,16971,17561,12,17044,15,17014,79
515,18,3,20,33658,36250,12,33820,15,33919,80
516,18,3,20,20038,27504,12,20057,14,20189,80
517,18,3,20,501,599,12,502,15,504,80
518,18,3,20,19601,26556,12,19619,15,19743,79
519,18,3,20,26535,36318,12,26557,15,26738,81
520,18,3,20,23514,28365,13,23659,14,23684,80
521,18,3,20,22016,30350,12,22027,15,22185,80
522,18,3,20,3537,4371,12,3537,14,3560,81
523,18,3,20,9022,13454,12,9023,14,9088,79
524,18,3,20,3821,5082,12,3827,14,3845,80
525,18,3,20,28161,33244,11,29460,15,28821,80
526,20,4,8,46,54,16,46,17,46,97
527,20,4,8,22,28,15,22,17,22,94
528,20,4,8,27,35,14,27,17,27,94
529,20,4,8,41,54,14,42,17,41,96
530,20,4,8,29,35,15,29,17,29,95
531,20,4,8,35,40,14,35,17,35,104
532,20,4,8,42,46,14,42,18,42,95
533,20,4,8,34,39,14,34,17,34,93
534,20,4,8,48,50,14,48,17,48,94
535,20,4,8,32,33,15,32,17,32,95
536,20,4,8,45,47,14,45,16,45,93
537,20,4,8,20,23,14,20,17,20,98
538,20,4,8,47,69,14,47,17,47,94
539,20,4,8,22,25,14,22,16,22,97
540,20,4,8,37,42,14,37,17,37,99
541,20,4,8,44,48,15,44,17,44,118
542,20,4,8,42,59,15,42,17,42,100
543,20,4,8,34,36,15,34,17,34,100
544,20,4,8,20,27,15,20,17,20,100
545,20,4,8,32,39,16,32,17,32,97
546,20,4,8,41,63,16,41,17,41,99
547,20,4,8,36,42,15,36,17,36,99
548,20,4,8,45,52,16,45,18,45,98
549,20,4,8,41,53,15,41,17,41,101
550,20,4,8,29,34,15,29,18,29,98
551,20,4,16,542,640,15,552,18,546,98
552,20,4,16,169,195,15,170,18,170,96
553,20,4,16,456,498,14,457,17,459,96
554,20,4,16,519,854,15,519,17,523,96
555,20,4,16,1073,1283,14,1074,17,1081,95
556,20,4,16,1303,1739,15,1308,17,1313,96
557,20,4,16,68,80,13,68,17,68,95
558,20,4,16,1310,1656,14,1310,17,1320,96
559,20,4,16,1631,2038,14,1633,17,1643,97
560,20,4,16,1549,2095,14,1550,18,1560,95
561,20,4,16,1120,1445,14,1132,17,1128,95
562,20,4,16,254,342,14,256,17,255,95
563,20,4,16,697,1078,14,698,17,702,94
564,20,4,16,332,341,14,332,17,334,98
565,20,4,16,1002,1429,14,1003,17,1009,96
566,20,4,16,422,566,15,429,16,425,96
567,20,4,16,1359,1411,15,1362,18,1369,95
568,20,4,16,509,725,14,509,17,512,95
569,20,4,16,1579,1948,14,1590,17,1590,136
570,20,4,16,231,312,14,231,17,232,130
571,20,4,16,535,665,14,536,17,539,96
572,20,4,16,1337,1994,14,1372,17,1355,97
573,20,4,16,1001,1296,14,1006,17,1007,95
574,20,4,16,320,497,14,323,17,325,96
575,20,4,16,469,555,14,469,17,472,97
576,20,4,20,2275,2910,15,2276,18,2324,95
577,20,4,20,25705,33805,15,26186,18,25905,96
578,20,4,20,1443,1717,15,1446,17,1454,97
579,20,4,20,15654,19847,15,15703,17,15766,95
580,20,4,20,3881,4384,14,3942,18,3939,96
581,20,4,20,13899,14496,15,13948,17,14000,95
582,20,4,20,8335,10043,14,8383,18,8398,95
583,20,4,20,25778,32271,15,25803,18,25975,98
584,20,4,20,2908,3534,14,3054,17,2930,95
585,20,4,20,21001,26327,14,21007,17,21164,94
586,20,4,20,7859,9459,15,7873,18,7975,97
587,20,4,20,2974,3589,14,2983,17,2996,95
588,20,4,20,5755,7951,14,5797,17,5793,96
589,20,4,20,18473,20658,14,18482,17,18616,95
590,20,4,20,22996,32722,14,23396,18,23172,95
591,20,4,20,24556,31107,15,24759,17,24736,94
592,20,4,20,7715,11259,14,7751,17,7772,95
593,20,4,20,237,309,14,237,16,238,96
594,20,4,20,7297,9652,14,7306,18,7352,95
595,20,4,20,3964,4128,14,3966,17,4023,95
596,20,4,20,7790,12355,15,7846,18,7827,95
597,20,4,20,5914,7534,14,6023,17,5958,95
598,20,4,20,15518,16540,14,15637,17,15639,96
599,20,4,20,18626,22147,14,18666,18,18755,96
600,20,4,20,18381,28665,14,18405,17,18524,104
601,16,8,8,30,44,17,30,17,30,104
602,16,8,8,32,46,15,32,17,32,100
603,16,8,8,40,48,15,40,17,40,100
604,16,8,8,27,37,15,27,17,27,99
605,16,8,8,32,41,15,32,17,32,100
606,16,8,8,38,49,15,38,17,38,99
607,16,8,8,41,63,15,41,17,41,108
608,16,8,8,49,75,16,49,17,49,99
609,16,8,8,28,40,15,28,17,28,99
610,16,8,8,43,67,15,43,17,43,98
611,16,8,8,21,28,15,21,17,21,99
612,16,8,8,24,39,15,24,17,24,98
613,16,8,8,48,59,15,48,17,48,98
614,16,8,8,35,48,15,35,17,35,97
615,16,8,8,29,35,15,29,17,29,98
616,16,8,8,29,37,16,29,17,29,99
617,16,8,8,20,26,15,20,17,20,98
618,16,8,8,48,66,15,48,17,48,98
619,16,8,8,46,63,14,46,17,46,98
620,16,8,8,44,62,15,44,17,44,98
621,16,8,8,47,68,15,47,17,47,97
622,16,8,8,34,53,16,34,17,34,99
623,16,8,8,25,40,15,25,17,25,99
624,16,8,8,27,39,16,27,17,27,98
625,16,8,8,45,70,15,45,17,45,98
626,16,8,16,292,397,15,292,17,294,2057
627,16,8,16,32,48,20,32,19,32,108
628,16,8,16,775,1099,16,775,17,779,101
629,16,8,16,504,704,16,504,17,504,100
630,16,8,16,765,1188,15,765,17,767,99
631,16,8,16,325,381,16,325,38,325,102
632,16,8,16,35,51,15,35,17,35,101
633,16,8,16,724,1105,16,724,17,727,98
634,16,8,16,722,1017,15,722,17,723,98
635,16,8,16,738,1174,15,738,17,739,97
636,16,8,16,794,904,15,794,17,794,99
637,16,8,16,761,1028,15,761,17,765,100
638,16,8,16,575,771,15,575,17,578,101
639,16,8,16,633,890,15,633,21,633,115
640,16,8,16,574,814,15,574,17,578,98
641,16,8,16,814,986,15,814,17,814,99
642,16,8,16,214,276,16,214,17,215,98
643,16,8,16,350,525,15,350,26,350,110
644,16,8,16,64,90,15,64,17,64,99
645,16,8,16,517,714,16,517,17,517,100
646,16,8,16,246,294,15,246,17,246,100
647,16,8,16,523,683,15,523,17,526,99
648,16,8,16,561,821,15,561,17,565,99
649,16,8,16,762,1066,15,762,17,765,99
650,16,8,16,603,889,15,603,17,603,99
651,16,8,20,11530,15267,15,11530,17,11530,98
652,16,8,20,5549,8465,15,5549,17,5549,247
653,16,8,20,5339,7660,17,5339,17,5350,103
654,16,8,20,8959,14413,15,8959,17,8963,102
655,16,8,20,11919,19177,16,11919,17,11975,105
656,16,8,20,4940,7322,16,4940,17,4962,106
657,16,8,20,9369,13935,15,9369,18,9395,105
658,16,8,20,4361,5708,15,4361,17,4370,104
659,16,8,20,12050,18997,15,12050,18,12144,105
660,16,8,20,9460,13081,16,9460,17,9478,103
661,16,8,20,5720,8208,15,5720,17,5720,203
662,16,8,20,12757,17751,22,12757,19,12757,113
663,16,8,20,9275,12656,35,9275,17,9334,101
664,16,8,20,12354,15876,16,12354,18,12354,104
665,16,8,20,2445,2990,16,2445,17,2448,99
666,16,8,20,4321,5963,16,4321,17,4334,102
667,16,8,20,8013,10708,15,8013,18,8013,108
668,16,8,20,4054,6749,16,4054,17,4080,107
669,16,8,20,9457,12766,19,9457,18,9457,110
670,16,8,20,5664,7547,15,5664,18,5664,106
671,16,8,20,10230,16041,16,10230,18,10230,106
672,16,8,20,1861,2425,17,1861,17,1861,103
673,16,8,20,4733,6966,15,4733,18,4733,103
674,16,8,20,3444,5114,41,3444,17,3444,105
675,16,8,20,9011,12722,15,9011,17,9060,101
676,16,16,8,21,21,18,21,17,21,117
677,16,16,8,29,29,16,29,17,29,115
678,16,16,8,26,26,17,26,17,26,115
679,16,16,8,45,45,16,45,17,45,115
680,16,16,8,42,42,17,42,17,42,136
681,16,16,8,39,39,17,39,17,39,114
682,16,16,8,28,28,16,28,18,28,114
683,16,16,8,21,21,16,21,18,21,114
684,16,16,8,34,34,16,34,17,34,114
685,16,16,8,40,40,16,40,18,40,114
686,16,16,8,50,50,16,50,17,50,114
687,16,16,8,20,20,16,20,17,20,133
688,16,16,8,22,22,16,22,18,22,114
689,16,16,8,32,32,16,32,17,32,114
690,16,16,8,41,41,16,41,17,41,114
691,16,16,8,28,28,16,28,18,28,183
692,16,16,8,41,41,16,41,18,41,873
693,16,16,8,47,47,22,47,19,47,117
694,16,16,8,49,49,17,49,18,49,115
695,16,16,8,41,41,17,41,18,41,114
696,16,16,8,31,31,17,31,17,31,114
697,16,16,8,47,47,17,47,18,47,114
698,16,16,8,23,23,16,23,17,23,114
699,16,16,8,20,20,16,20,17,20,114
700,16,16,8,29,29,16,29,18,29,114
701,16,16,16,352,352,16,352,17,352,114
702,16,16,16,217,217,16,217,17,217,113
703,16,16,16,138,138,17,138,17,138,113
704,16,16,16,214,214,16,214,17,214,112
705,16,16,16,280,280,16,280,17,280,113
706,16,16,16,383,383,16,383,17,383,113
707,16,16,16,70,70,16,70,17,70,114
708,16,16,16,181,181,16,181,17,181,113
709,16,16,16,268,268,16,268,17,268,113
710,16,16,16,325,325,16,325,18,325,113
711,16,16,16,292,292,16,292,17,292,113
712,16,16,16,65,65,16,65,61,65,114
713,16,16,16,115,115,16,115,17,115,113
714,16,16,16,121,121,16,121,17,121,113
715,16,16,16,276,276,16,276,17,276,114
716,16,16,16,254,254,16,254,18,254,113
717,16,16,16,307,307,17,307,17,307,114
718,16,16,16,384,384,17,384,17,384,115
719,16,16,16,31,31,17,31,17,31,114
720,16,16,16,40,40,16,40,17,40,114
721,16,16,16,146,146,17,146,18,146,114
722,16,16,16,291,291,16,291,17,291,113
723,16,16,16,176,176,16,176,17,176,114
724,16,16,16,190,190,16,190,18,190,114
725,16,16,16,270,270,16,270,18,270,113
726,16,16,20,3242,3242,17,3242,18,3242,114
727,16,16,20,6118,6118,16,6118,17,6118,115
728,16,16,20,1306,1306,16,1306,18,1306,113
729,16,16,20,170,170,17,170,17,170,114
730,16,16,20,2860,2860,16,2860,17,2860,114
731,16,16,20,5625,5625,17,5625,18,5625,115
732,16,16,20,2902,2902,16,2902,17,2902,114
733,16,16,20,2931,2931,16,2931,17,2931,114
734,16,16,20,5141,5141,16,5141,17,5141,113
735,16,16,20,2496,2496,16,2496,18,2496,114
736,16,16,20,1954,1954,16,1954,17,1954,114
737,16,16,20,4126,4126,16,4126,18,4126,123
738,16,16,20,2279,2279,16,2279,17,2279,114
739,16,16,20,527,527,16,527,18,527,113
740,16,16,20,5146,5146,16,5146,17,5146,124
741,16,16,20,2130,2130,17,2130,18,2130,119
742,16,16,20,3191,3191,29,3191,17,3191,114
743,16,16,20,261,261,16,261,17,261,114
744,16,16,20,4566,4566,16,4566,17,4566,114
745,16,16,20,2315,2315,16,2315,17,2315,114
746,16,16,20,1867,1867,16,1867,18,1867,114
747,16,16,20,1262,1262,16,1262,17,1262,113
748,16,16,20,2819,2819,16,2819,17,2819,114
749,16,16,20,3238,3238,16,3238,17,3238,114
750,16,16,20,5401,5401,17,5401,18,5401,113
751,30,2,8,34,36,17,34,20,34,111
752,30,2,8,53,65,15,53,18,53,107
753,30,2,8,45,52,15,45,18,45,106
754,30,2,8,44,44,14,44,17,44,107
755,30,2,8,43,44,14,43,18,43,106
756,30,2,8,35,35,14,35,18,35,243
757,30,2,8,58,58,16,58,19,58,109
758,30,2,8,40,43,14,40,18,40,110
759,30,2,8,46,46,16,46,18,46,124
760,30,2,8,33,33,15,33,18,33,108
761,30,2,8,38,38,14,38,19,38,110
762,30,2,8,46,46,15,46,19,46,165
763,30,2,8,48,48,15,48,19,48,110
764,30,2,8,32,32,15,32,18,32,202
765,30,2,8,39,39,19,39,20,39,128
766,30,2,8,40,43,15,40,18,40,112
767,30,2,8,39,41,15,39,18,39,109
768,30,2,8,48,48,15,48,18,48,114
769,30,2,8,56,56,15,56,18,56,139
770,30,2,8,43,44,15,43,18,43,120
771,30,2,8,47,47,15,47,18,47,111
772,30,2,8,49,49,15,49,19,49,109
773,30,2,8,36,39,16,36,18,36,111
774,30,2,8,60,66,15,60,19,60,111
775,30,2,8,36,36,15,36,17,36,108
776,30,2,16,1597,1905,15,1597,19,1609,108
777,30,2,16,106,106,15,106,18,106,107
778,30,2,16,1526,1723,15,1526,19,1537,109
779,30,2,16,1622,1935,14,1622,19,1634,108
780,30,2,16,1960,1986,15,1960,19,1975,107
781,30,2,16,2832,3074,14,2832,18,2854,110
782,30,2,16,2024,2024,14,2024,18,2039,108
783,30,2,16,48,55,14,48,18,48,111
784,30,2,16,457,480,15,457,19,460,108
785,30,2,16,1959,2235,14,1959,19,1974,105
786,30,2,16,1936,2716,14,1936,19,1951,106
787,30,2,16,2453,3242,15,2453,19,2472,106
788,30,2,16,1995,2387,15,1995,19,2010,160
789,30,2,16,3043,3231,15,3061,19,3062,122
790,30,2,16,2092,2096,14,2092,19,2108,107
791,30,2,16,2062,2417,14,2062,19,2078,108
792,30,2,16,1905,1967,14,1905,19,1919,107
793,30,2,16,198,214,14,198,18,199,107
794,30,2,16,2681,2999,14,2681,19,2701,107
795,30,2,16,831,989,14,831,18,837,110
796,30,2,16,3067,3516,15,3067,18,3090,109
797,30,2,16,846,934,14,846,19,852,108
798,30,2,16,2049,2050,13,2049,19,2065,108
799,30,2,16,1217,1220,15,1217,19,1226,108
800,30,2,16,449,459,14,449,19,452,107
801,30,2,20,20177,24646,14,20178,19,20334,108
802,30,2,20,13491,14300,15,13491,19,13596,108
803,30,2,20,14055,14156,15,14055,20,14164,108
804,30,2,20,21533,23223,15,21533,19,21701,108
805,30,2,20,9425,11134,14,9425,18,9498,105
806,30,2,20,16459,16674,14,16459,19,16587,107
807,30,2,20,33112,36358,14,33112,18,33370,108
808,30,2,20,37310,37311,15,37310,20,37601,110
809,30,2,20,22649,23044,13,22649,19,22825,109
810,30,2,20,20773,20954,14,20773,19,20933,111
811,30,2,20,40961,48612,14,40961,20,41281,107
812,30,2,20,41176,41234,14,41176,19,41497,107
813,30,2,20,16836,17079,14,16873,19,16967,108
814,30,2,20,51294,52566,14,51294,19,51692,109
815,30,2,20,49075,49382,15,49075,28,49458,109
816,30,2,20,20226,21948,15,20226,22,20384,108
817,30,2,20,5279,5991,15,5279,18,5320,111
818,30,2,20,10373,10376,14,10373,20,10454,109
819,30,2,20,30335,30936,14,30336,19,30571,107
820,30,2,20,48948,51086,14,48948,20,49330,110
821,30,2,20,30758,45548,15,30758,20,30998,109
822,30,2,20,36701,36723,15,36701,20,36987,106
823,30,2,20,33910,35112,15,33910,19,34174,110
824,30,2,20,32338,33814,14,32338,19,32590,107
825,30,2,20,18660,18771,15,18693,19,18805,110
826,30,3,8,40,47,20,40,23,40,116
827,30,3,8,41,42,19,41,23,41,119
828,30,3,8,43,55,19,43,23,43,122
829,30,3,8,53,62,19,53,22,53,118
830,30,3,8,42,42,17,42,22,42,118
831,30,3,8,56,60,18,56,23,56,116
832,30,3,8,33,42,18,33,23,33,119
833,30,3,8,35,35,18,35,23,35,118
834,30,3,8,33,42,19,33,22,33,120
835,30,3,8,54,60,19,54,23,54,114
836,30,3,8,50,69,19,50,21,50,117
837,30,3,8,58,74,18,58,22,58,115
838,30,3,8,59,79,18,59,22,59,123
839,30,3,8,30,39,18,30,22,30,116
840,30,3,8,39,55,18,39,23,39,199
841,30,3,8,57,85,19,57,21,57,119
842,30,3,8,31,35,18,31,21,31,116
843,30,3,8,48,54,18,48,22,48,115
844,30,3,8,48,64,18,48,21,48,115
845,30,3,8,43,46,18,43,22,43,115
846,30,3,8,39,40,17,39,22,39,115
847,30,3,8,59,65,18,59,23,59,115
848,30,3,8,59,81,18,59,22,59,115
849,30,3,8,37,49,18,37,22,37,120
850,30,3,8,42,42,18,42,24,42,115
851,30,3,16,1652,1777,19,1652,23,1664,116
852,30,3,16,1779,1859,18,1779,22,1792,119
853,30,3,16,133,193,20,133,21,134,115
854,30,3,16,2158,2741,19,2176,23,2174,118
855,30,3,16,1237,1246,18,1237,22,1246,119
856,30,3,16,823,845,19,823,23,829,118
857,30,3,16,1222,1532,18,1222,22,1231,117
858,30,3,16,694,740,17,694,22,699,117
859,30,3,16,613,706,18,613,22,617,117
860,30,3,16,1582,2005,18,1582,23,1594,116
861,30,3,16,1789,2747,19,1789,22,1802,117
862,30,3,16,763,805,18,763,22,768,116
863,30,3,16,377,379,19,377,23,379,117
864,30,3,16,340,392,19,340,24,342,123
865,30,3,16,64,64,19,64,23,64,115
866,30,3,16,1873,2484,18,1873,22,1887,117
867,30,3,16,1631,2503,18,1631,22,1643,117
868,30,3,16,873,1050,18,874,23,879,117
869,30,3,16,1974,2471,18,1974,22,1989,208
870,30,3,16,1899,2422,71,1900,1638,1913,145
871,30,3,16,1714,2209,20,1714,24,1727,122
872,30,3,16,73,86,19,73,23,73,118
873,30,3,16,347,458,19,347,23,349,119
874,30,3,16,1564,1882,21,1564,23,1576,121
875,30,3,16,1782,2155,19,1783,23,1795,490
876,30,3,20,32770,33262,24,32770,24,33026,119
877,30,3,20,15274,20619,18,15274,23,15393,132
878,30,3,20,2625,3676,18,2625,23,2645,119
879,30,3,20,4616,6156,18,4616,24,4652,119
880,30,3,20,17846,17969,18,17846,24,17985,117
881,30,3,20,30415,31666,30,30443,27,30652,138
882,30,3,20,20202,21209,20,20202,23,20359,121
883,30,3,20,9721,13938,19,9721,25,9796,158
884,30,3,20,25116,31496,21,25116,24,25312,126
885,30,3,20,18926,24337,19,18927,23,19073,126
886,30,3,20,10917,14561,20,10943,37,11002,128
887,30,3,20,34113,39136,19,34113,24,34379,125
888,30,3,20,8084,11565,19,8084,23,8147,123
889,30,3,20,5362,6526,19,5362,23,5403,122
890,30,3,20,11199,11680,19,11398,24,11548,123
891,30,3,20,25041,25325,19,25044,24,25236,124
892,30,3,20,25467,31719,19,26590,32,25864,127
893,30,3,20,32953,36088,138,33028,24,33210,126
894,30,3,20,22142,22291,20,22143,24,22313,124
895,30,3,20,9521,10479,19,9645,24,9669,124
896,30,3,20,2257,2587,19,2257,24,2274,124
897,30,3,20,1539,1743,19,1539,23,1551,133
898,30,3,20,7719,9178,20,7719,24,7779,126
899,30,3,20,16305,17576,19,16412,24,16559,127
900,30,3,20,14188,16012,20,14213,24,14298,123
901,28,4,8,41,52,21,41,22,41,127
902,28,4,8,34,42,20,34,22,34,130
903,28,4,8,35,46,20,35,23,35,146
904,28,4,8,35,45,20,35,22,35,126
905,28,4,8,53,68,19,53,35,53,130
906,28,4,8,41,51,21,41,24,41,128
907,28,4,8,59,63,20,59,23,59,158
908,28,4,8,32,41,29,32,23,32,126
909,28,4,8,34,39,20,34,23,34,126
910,28,4,8,47,56,18,47,22,47,123
911,28,4,8,45,66,19,45,23,45,122
912,28,4,8,33,37,20,33,23,33,124
913,28,4,8,39,53,19,39,23,39,123
914,28,4,8,60,71,19,60,22,60,120
915,28,4,8,50,61,19,50,21,50,171
916,28,4,8,44,63,19,44,21,44,125
917,28,4,8,47,52,19,47,22,47,119
918,28,4,8,47,69,19,47,21,47,410
919,28,4,8,40,46,19,40,22,40,121
920,28,4,8,34,35,18,34,22,34,120
921,28,4,8,32,47,18,32,22,32,119
922,28,4,8,34,38,18,34,22,34,119
923,28,4,8,56,82,19,56,22,56,121
924,28,4,8,37,49,18,37,22,37,119
925,28,4,8,41,49,18,41,21,41,120
926,28,4,16,691,894,19,691,22,696,124
927,28,4,16,1109,1342,19,1110,23,1117,121
928,28,4,16,461,547,19,461,23,464,121
929,28,4,16,778,1065,19,779,23,784,122
930,28,4,16,1345,1666,19,1347,23,1355,122
931,28,4,16,144,154,18,144,22,145,120
932,28,4,16,1624,1670,18,1625,23,1634,123
933,28,4,16,121,171,19,121,22,121,119
934,28,4,16,1058,1175,19,1060,22,1066,119
935,28,4,16,1522,2020,19,1522,23,1533,123
936,28,4,16,1051,1575,19,1054,22,1059,121
937,28,4,16,774,1178,19,774,23,780,139
938,28,4,16,346,398,19,346,23,348,121
939,28,4,16,438,462,20,438,22,441,120
940,28,4,16,157,188,19,157,22,158,120
941,28,4,16,1401,1983,18,1402,23,1422,122
942,28,4,16,436,631,20,436,23,439,123
943,28,4,16,1338,1574,19,1339,23,1348,122
944,28,4,16,1462,2122,19,1463,22,1473,126
945,28,4,16,1380,2243,19,1388,23,1390,122
946,28,4,16,1159,1649,19,1159,23,1168,123
947,28,4,16,83,117,19,83,22,83,120
948,28,4,16,1089,1643,19,1090,23,1097,123
949,28,4,16,1295,1593,19,1296,23,1305,120
950,28,4,16,1314,1468,19,1315,23,1324,121
951,28,4,20,2440,2563,19,2474,22,2478,124
952,28,4,20,5220,7084,65,5222,45,5260,1743
953,28,4,20,8997,11097,25,9008,26,9067,130
954,28,4,20,6774,9223,19,6794,24,6826,191
955,28,4,20,8322,11617,20,8331,23,8387,125
956,28,4,20,10469,16872,19,10478,23,10550,124
957,28,4,20,10519,14744,20,10535,23,10601,125
958,28,4,20,15161,20197,19,15176,23,15279,123
959,28,4,20,20094,27166,18,20157,23,20248,124
960,28,4,20,17644,20398,19,17664,22,17781,139
961,28,4,20,21926,24621,19,21947,25,22097,125
962,28,4,20,2492,2984,19,2496,23,2511,124
963,28,4,20,14855,16238,19,14917,23,14970,123
964,28,4,20,21718,23624,19,21726,23,21882,122
965,28,4,20,24016,35384,18,24140,23,24199,122
966,28,4,20,17466,21435,19,17471,24,17601,145
967,28,4,20,16520,19083,20,16530,23,16649,125
968,28,4,20,24942,29612,19,24946,23,25136,124
969,28,4,20,24153,38047,19,24164,23,24341,123
970,28,4,20,23892,31108,19,23923,23,24078,124
971,28,4,20,22281,29559,20,22283,23,22455,123
972,28,4,20,22342,31482,19,22373,23,22516,140
973,28,4,20,11572,12517,18,11595,31,11662,127
974,28,4,20,22263,28980,19,22284,23,22426,124
975,28,4,20,9773,12433,19,9781,23,9849,124
976,24,8,8,54,82,23,56,25,55,142
977,24,8,8,42,60,22,43,25,42,138
978,24,8,8,57,95,22,58,24,58,155
979,24,8,8,39,52,21,40,25,39,138
980,24,8,8,45,71,22,46,25,46,135
981,24,8,8,57,73,21,59,25,58,138
982,24,8,8,45,66,21,46,26,45,147
983,24,8,8,39,57,21,40,25,39,154
984,24,8,8,41,60,21,42,25,42,136
985,24,8,8,38,51,22,39,24,39,133
986,24,8,8,31,47,22,32,24,32,133
987,24,8,8,33,45,21,34,25,33,138
988,24,8,8,44,56,21,45,25,45,137
989,24,8,8,36,46,21,36,25,37,151
990,24,8,8,35,49,22,36,24,35,136
991,24,8,8,55,84,21,57,25,55,138
992,24,8,8,52,71,21,53,25,53,137
993,24,8,8,48,74,21,50,25,49,137
994,24,8,8,37,55,21,37,25,37,161
995,24,8,8,50,67,21,51,25,51,135
996,24,8,8,31,45,22,32,24,32,134
997,24,8,8,40,54,21,42,25,40,138
998,24,8,8,44,61,22,45,25,45,137
999,24,8,8,32,39,21,34,25,33,135
1000,24,8,8,58,80,22,60,25,59,149
1001,24,8,16,563,795,21,595,25,571,136
1002,24,8,16,314,376,21,318,25,323,134
1003,24,8,16,218,353,22,220,25,221,136
1004,24,8,16,801,1229,21,809,25,807,137
1005,24,8,16,577,753,21,642,25,581,137
1006,24,8,16,332,495,22,356,25,334,136
1007,24,8,16,300,453,22,330,25,302,135
1008,24,8,16,313,393,21,321,25,317,156
1009,24,8,16,147,184,22,149,25,148,137
1010,24,8,16,388,600,22,393,25,394,135
1011,24,8,16,466,580,21,479,25,473,153
1012,24,8,16,75,112,22,76,25,76,136
1013,24,8,16,109,163,22,112,24,110,139
1014,24,8,16,562,704,21,583,25,574,132
1015,24,8,16,780,982,21,810,25,797,133
1016,24,8,16,580,837,22,596,25,588,151
1017,24,8,16,214,287,21,217,25,215,139
1018,24,8,16,104,117,21,107,25,106,134
1019,24,8,16,653,814,21,667,25,668,136
1020,24,8,16,814,1129,21,844,25,832,136
1021,24,8,16,769,952,21,795,25,781,135
1022,24,8,16,360,493,21,380,25,368,151
1023,24,8,16,151,213,22,153,25,154,133
1024,24,8,16,595,868,20,603,25,599,138
1025,24,8,16,563,706,21,581,26,573,135
1026,24,8,20,1325,1699,21,1413,25,1344,137
1027,24,8,20,11582,15581,21,12030,25,11750,135
1028,24,8,20,7968,10106,37,8132,24,8092,138
1029,24,8,20,82,104,21,88,25,83,138
1030,24,8,20,8721,10408,21,9202,25,8846,135
1031,24,8,20,7356,11359,21,7742,24,7635,134
1032,24,8,20,7955,11914,22,8226,25,8071,134
1033,24,8,20,4316,6717,22,4434,25,4337,1261
1034,24,8,20,3655,5250,27,3729,27,3734,152
1035,24,8,20,6242,8919,22,6472,26,6388,148
1036,24,8,20,11790,15548,22,12271,71,12015,153
1037,24,8,20,722,996,23,760,30,733,139
1038,24,8,20,1421,2092,44,1431,25,1443,140
1039,24,8,20,12887,16053,22,13873,25,13078,136
1040,24,8,20,3671,5841,22,3982,26,3752,138
1041,24,8,20,7439,10580,22,7650,26,7496,133
1042,24,8,20,1400,1866,22,1433,25,1430,135
1043,24,8,20,12603,13743,20,13130,24,12885,152
1044,24,8,20,12400,19394,21,12910,24,12492,134
1045,24,8,20,11486,17114,22,11831,25,11660,138
1046,24,8,20,8012,10743,22,8154,25,8128,136
1047,24,8,20,6118,7390,21,6293,25,6190,136
1048,24,8,20,5439,7658,21,5593,25,5523,137
1049,24,8,20,11401,13836,21,11535,40,11579,187
1050,24,8,20,10332,14532,22,10643,25,10493,138
1051,16,16,8,48,48,18,48,17,48,116
1052,16,16,8,34,34,17,34,18,34,114
1053,16,16,8,33,33,17,33,17,33,114
1054,16,16,8,53,53,17,53,17,53,115
1055,16,16,8,36,36,31,36,18,36,114
1056,16,16,8,38,38,17,38,17,38,115
1057,16,16,8,35,35,16,35,17,35,113
1058,16,16,8,38,38,16,38,17,38,114
1059,16,16,8,48,48,16,48,17,48,115
1060,16,16,8,33,33,16,33,18,33,114
1061,16,16,8,34,34,16,34,18,34,129
1062,16,16,8,55,55,17,55,18,55,115
1063,16,16,8,46,46,16,46,17,46,115
1064,16,16,8,48,48,16,48,17,48,114
1065,16,16,8,50,50,17,50,18,50,115
1066,16,16,8,54,54,16,54,17,54,114
1067,16,16,8,42,42,16,42,17,42,114
1068,16,16,8,40,40,16,40,17,40,133
1069,16,16,8,48,48,16,48,17,48,115
1070,16,16,8,54,54,16,54,17,54,114
1071,16,16,8,57,57,16,57,17,57,114
1072,16,16,8,48,48,17,48,17,48,114
1073,16,16,8,49,49,16,49,17,49,113
1074,16,16,8,38,38,16,38,17,38,125
1075,16,16,8,60,60,16,60,33,60,117
1076,16,16,16,407,407,16,407,17,407,122
1077,16,16,16,345,345,16,345,17,345,115
1078,16,16,16,372,372,16,372,17,372,114
1079,16,16,16,272,272,16,272,18,272,114
1080,16,16,16,137,137,16,137,18,137,113
1081,16,16,16,116,116,16,116,17,116,130
1082,16,16,16,31,31,16,31,18,31,113
1083,16,16,16,148,148,16,148,17,148,114
1084,16,16,16,140,140,16,140,17,140,113
1085,16,16,16,76,76,17,76,17,76,113
1086,16,16,16,344,344,16,344,17,344,114
1087,16,16,16,105,105,16,105,17,105,113
1088,16,16,16,103,103,16,103,17,103,130
1089,16,16,16,114,114,16,114,17,114,117
1090,16,16,16,273,273,18,273,18,273,118
1091,16,16,16,30,30,34,30,18,30,115
1092,16,16,16,195,195,17,195,17,195,114
1093,16,16,16,69,69,16,69,17,69,115
1094,16,16,16,56,56,16,56,17,56,174
1095,16,16,16,100,100,17,100,18,100,114
1096,16,16,16,291,291,17,291,17,291,113
1097,16,16,16,255,255,16,255,18,255,131
1098,16,16,16,247,247,16,247,17,247,115
1099,16,16,16,370,370,16,370,17,370,114
1100,16,16,16,271,271,16,271,18,271,114
1101,16,16,20,2709,2709,16,2709,17,2709,114
1102,16,16,20,2508,2508,16,2508,17,2508,115
1103,16,16,20,4129,4129,17,4129,17,4129,115
1104,16,16,20,6255,6255,16,6255,32,6255,115
1105,16,16,20,990,990,17,990,17,990,115
1106,16,16,20,2002,2002,16,2002,17,2002,137
1107,16,16,20,4618,4618,16,4618,17,4618,114
1108,16,16,20,3251,3251,16,3251,17,3251,113
1109,16,16,20,3120,3120,17,3120,18,3120,114
1110,16,16,20,6369,6369,16,6369,18,6369,128
1111,16,16,20,3188,3188,16,3188,17,3188,114
1112,16,16,20,5815,5815,16,5815,17,5815,114
1113,16,16,20,3916,3916,17,3916,18,3916,114
1114,16,16,20,2938,2938,16,2938,18,2938,114
1115,16,16,20,2583,2583,16,2583,17,2583,115
1116,16,16,20,4306,4306,16,4306,17,4306,114
1117,16,16,20,2626,2626,16,2626,17,2626,131
1118,16,16,20,4377,4377,17,4377,18,4377,114
1119,16,16,20,670,670,17,670,17,670,114
1120,16,16,20,4989,4989,16,4989,17,4989,124
1121,16,16,20,1782,1782,17,1782,17,1782,114
1122,16,16,20,1390,1390,16,1390,17,1390,114
1123,16,16,20,5221,5221,16,5221,18,5221,114
1124,16,16,20,2305,2305,606,2305,19,2305,118
1125,16,16,20,5857,5857,17,5857,18,5857,115
1126,40,2,8,44,46,20,44,25,44,152
1127,40,2,8,62,64,21,62,24,62,142
1128,40,2,8,46,46,19,46,23,46,168
1129,40,2,8,63,64,19,63,24,63,298
1130,40,2,8,56,56,19,56,24,56,136
1131,40,2,8,66,72,19,66,24,66,137
1132,40,2,8,49,49,18,49,22,49,135
1133,40,2,8,68,68,18,68,23,68,136
1134,40,2,8,61,63,19,61,24,61,136
1135,40,2,8,49,49,35,49,23,49,145
1136,40,2,8,62,63,19,62,23,62,135
1137,40,2,8,69,69,18,69,24,69,136
1138,40,2,8,46,46,18,46,22,46,165
1139,40,2,8,58,58,19,58,24,58,136
1140,40,2,8,59,59,20,59,24,59,151
1141,40,2,8,54,54,19,54,23,54,135
1142,40,2,8,50,50,19,50,23,50,135
1143,40,2,8,67,67,20,67,24,67,135
1144,40,2,8,63,63,19,63,24,63,136
1145,40,2,8,50,50,19,50,24,50,135
1146,40,2,8,43,43,20,43,39,43,134
1147,40,2,8,60,60,18,60,22,60,135
1148,40,2,8,65,74,19,65,23,65,139
1149,40,2,8,47,47,18,47,24,47,137
1150,40,2,8,49,49,20,49,24,49,137
1151,40,2,16,2433,2435,20,2433,26,2452,155
1152,40,2,16,1598,1687,21,1598,25,1610,136
1153,40,2,16,307,307,19,307,24,309,135
1154,40,2,16,1693,2046,21,1693,25,1706,138
1155,40,2,16,2728,2776,21,2728,24,2749,137
1156,40,2,16,625,625,20,625,25,629,136
1157,40,2,16,970,1237,19,970,25,977,151
1158,40,2,16,1681,1825,22,1681,25,1694,136
1159,40,2,16,1856,2204,20,1856,23,1870,150
1160,40,2,16,272,335,20,272,23,274,137
1161,40,2,16,2388,2388,19,2388,24,2406,137
1162,40,2,16,2564,2572,20,2564,25,2584,159
1163,40,2,16,637,637,17,637,23,641,138
1164,40,2,16,3098,4021,20,3098,24,3122,137
1165,40,2,16,2933,3925,18,2933,24,2955,137
1166,40,2,16,3024,3558,21,3024,26,3047,138
1167,40,2,16,431,509,20,431,24,434,137
1168,40,2,16,2078,2310,20,2078,25,2094,156
1169,40,2,16,377,386,20,377,23,379,137
1170,40,2,16,2068,2397,18,2068,24,2084,137
1171,40,2,16,2498,2719,22,2498,25,2517,136
1172,40,2,16,496,548,19,496,25,499,137
1173,40,2,16,143,147,21,143,24,144,137
1174,40,2,16,2837,3086,33,2837,24,2859,143
1175,40,2,16,1938,1938,19,1938,23,1953,139
1176,40,2,20,37224,39351,20,37224,25,37514,137
1177,40,2,20,19028,22318,19,19028,24,19176,138
1178,40,2,20,5611,5921,18,5611,23,5698,138
1179,40,2,20,49191,51823,21,49191,26,49575,150
1180,40,2,20,33384,40252,19,33384,24,33644,146
1181,40,2,20,51917,51948,19,51917,25,52322,137
1182,40,2,20,39463,40630,18,39463,25,39771,138
1183,40,2,20,20583,20981,19,20583,25,20743,138
1184,40,2,20,30991,33645,18,31035,26,31233,138
1185,40,2,20,41357,42419,17,42036,39,41680,138
1186,40,2,20,36956,42754,20,36956,26,37244,138
1187,40,2,20,19413,20930,20,19939,27,19716,140
1188,40,2,20,38475,38494,19,38475,24,38775,145
1189,40,2,20,23441,27469,19,23441,26,23624,137
1190,40,2,20,49582,53906,19,49582,25,49969,151
1191,40,2,20,21960,23487,20,21960,26,22131,136
1192,40,2,20,21924,22334,19,22120,25,22095,136
1193,40,2,20,50531,71931,18,50531,24,50925,138
1194,40,2,20,43071,44933,17,43071,24,43407,139
1195,40,2,20,22809,28706,19,22822,25,22987,139
1196,40,2,20,7702,11348,20,7702,25,7762,151
1197,40,2,20,16649,18202,19,16649,25,16779,137
1198,40,2,20,35674,37849,19,35674,24,35952,142
1199,40,2,20,19267,19996,18,19267,25,19417,137
1200,40,2,20,46466,53784,19,46466,25,46754,138
1201,39,3,8,47,48,25,47,28,47,163
1202,39,3,8,58,58,23,58,27,58,141
1203,39,3,8,64,64,23,64,27,64,143
1204,39,3,8,56,60,23,56,28,56,141
1205,39,3,8,66,68,22,66,29,66,141
1206,39,3,8,69,96,23,69,28,69,142
1207,39,3,8,67,68,37,67,27,67,143
1208,39,3,8,55,78,23,55,26,55,140
1209,39,3,8,69,79,22,69,26,69,140
1210,39,3,8,67,73,23,67,27,67,140
1211,39,3,8,56,56,23,56,27,56,142
1212,39,3,8,56,65,23,56,27,56,205
1213,39,3,8,52,58,24,52,28,52,147
1214,39,3,8,40,50,24,40,28,40,283
1215,39,3,8,41,49,26,41,32,41,144
1216,39,3,8,47,53,22,47,29,47,162
1217,39,3,8,66,81,23,66,28,66,268
1218,39,3,8,41,41,24,41,28,41,149
1219,39,3,8,55,58,24,55,28,55,202
1220,39,3,8,58,82,24,58,26,58,173
1221,39,3,8,42,42,23,42,28,42,143
1222,39,3,8,41,54,22,41,28,41,142
1223,39,3,8,64,75,23,64,26,64,146
1224,39,3,8,49,52,23,49,27,49,144
1225,39,3,8,55,55,22,55,73,55,143
1226,39,3,16,389,425,23,389,27,392,143
1227,39,3,16,1706,1827,23,1706,30,1719,144
1228,39,3,16,1317,1687,24,1317,30,1327,144
1229,39,3,16,2127,2210,23,2138,27,2143,146
1230,39,3,16,582,707,23,582,28,586,144
1231,39,3,16,810,870,23,810,29,816,144
1232,39,3,16,1880,2069,22,1880,27,1894,143
1233,39,3,16,1040,1053,23,1045,27,1048,145
1234,39,3,16,1027,1409,23,1027,27,1035,143
1235,39,3,16,1882,2035,22,1882,30,1896,143
1236,39,3,16,439,455,23,439,28,442,143
1237,39,3,16,1574,1842,24,1574,29,1586,143
1238,39,3,16,1944,2015,24,1944,29,1959,143
1239,39,3,16,1791,2458,24,1832,29,1804,146
1240,39,3,16,442,460,23,442,28,445,142
1241,39,3,16,240,271,22,240,28,241,142
1242,39,3,16,1720,2225,23,1756,29,1733,145
1243,39,3,16,674,915,23,674,30,679,143
1244,39,3,16,1691,1706,22,1691,29,1704,144
1245,39,3,16,193,240,23,193,29,194,143
1246,39,3,16,964,1095,23,964,30,971,142
1247,39,3,16,1201,1843,22,1201,27,1210,143
1248,39,3,16,341,379,24,341,28,343,142
1249,39,3,16,2170,2713,23,2170,28,2186,145
1250,39,3,16,1031,1647,23,1031,28,1039,143
1251,39,3,20,19465,23651,22,19465,31,19617,145
1252,39,3,20,31037,37070,31,31037,30,31279,145
1253,39,3,20,22410,28217,23,22410,30,22585,147
1254,39,3,20,17541,21402,23,17541,27,17678,142
1255,39,3,20,34630,44615,22,34630,27,34900,144
1256,39,3,20,27017,30321,23,27017,29,27228,146
1257,39,3,20,13318,15320,22,13318,30,13422,145
1258,39,3,20,19486,21289,24,19486,29,19638,152
1259,39,3,20,4966,6935,23,4966,28,5004,144
1260,39,3,20,26436,27085,23,26436,28,26642,147
1261,39,3,20,26577,31741,23,26577,29,26784,146
1262,39,3,20,33607,50996,24,33643,30,33869,148
1263,39,3,20,9864,10307,24,9866,30,9941,147
1264,39,3,20,11568,12902,24,11568,31,11658,144
1265,39,3,20,25538,35000,24,25538,30,25737,146
1266,39,3,20,7902,7912,24,7902,30,7963,145
1267,39,3,20,15647,16512,24,15647,28,15769,146
1268,39,3,20,21725,23708,23,21725,30,21894,145
1269,39,3,20,1704,1937,24,1704,27,1717,143
1270,39,3,20,34106,36698,23,34702,33,34372,157
1271,39,3,20,504,547,23,504,30,507,144
1272,39,3,20,10182,11328,24,10182,28,10261,143
1273,39,3,20,14071,14860,23,14071,29,14180,145
1274,39,3,20,16236,18096,22,16236,29,16362,145
1275,39,3,20,6498,7639,23,6757,29,6548,147
1276,40,4,8,69,78,27,69,30,69,161
1277,40,4,8,42,46,25,42,30,42,169
1278,40,4,8,41,48,25,41,30,41,161
1279,40,4,8,63,71,26,63,30,63,160
1280,40,4,8,43,47,25,43,30,43,161
1281,40,4,8,51,66,27,51,29,51,161
1282,40,4,8,57,72,26,57,30,57,161
1283,40,4,8,50,57,25,50,30,50,159
1284,40,4,8,45,59,25,45,29,45,163
1285,40,4,8,63,78,26,63,29,63,161
1286,40,4,8,69,97,25,69,29,69,159
1287,40,4,8,43,54,25,43,30,43,157
1288,40,4,8,41,52,25,41,30,41,166
1289,40,4,8,65,80,25,65,30,65,158
1290,40,4,8,44,57,25,44,30,44,158
1291,40,4,8,42,50,24,42,29,42,161
1292,40,4,8,50,65,26,50,30,50,159
1293,40,4,8,57,74,36,57,35,57,174
1294,40,4,8,46,69,25,46,29,46,161
1295,40,4,8,45,47,25,45,30,45,161
1296,40,4,8,40,46,26,40,30,40,158
1297,40,4,8,55,58,26,55,30,55,164
1298,40,4,8,53,59,25,53,30,53,159
1299,40,4,8,70,89,24,70,30,70,160
1300,40,4,8,48,50,25,48,29,48,159
1301,40,4,16,1135,1670,26,1135,30,1143,164
1302,40,4,16,114,120,25,114,29,114,160
1303,40,4,16,279,373,26,279,30,281,163
1304,40,4,16,605,879,25,605,29,609,163
1305,40,4,16,191,241,26,191,30,192,162
1306,40,4,16,1145,1237,26,1145,30,1153,162
1307,40,4,16,659,876,26,659,30,664,164
1308,40,4,16,373,441,26,373,31,375,162
1309,40,4,16,489,623,26,489,31,492,161
1310,40,4,16,52,57,25,52,29,52,254
1311,40,4,16,49,65,27,49,28,49,163
1312,40,4,16,760,1079,26,760,29,765,162
1313,40,4,16,691,905,26,691,32,696,164
1314,40,4,16,1050,1089,27,1050,30,1058,164
1315,40,4,16,1405,1859,26,1405,31,1415,165
1316,40,4,16,989,1189,26,989,30,996,162
1317,40,4,16,171,208,25,171,30,172,162
1318,40,4,16,578,740,26,578,30,582,164
1319,40,4,16,306,484,25,306,30,308,160
1320,40,4,16,826,979,27,827,30,832,164
1321,40,4,16,1106,1734,25,1106,30,1114,163
1322,40,4,16,1622,2025,27,1639,50,1634,163
1323,40,4,16,676,711,26,676,30,681,164
1324,40,4,16,1546,1823,26,1546,30,1558,162
1325,40,4,16,1437,2014,25,1437,32,1448,163
1326,40,4,20,17774,21118,26,17774,31,17912,165
1327,40,4,20,9975,10166,25,9976,32,10052,163
1328,40,4,20,21845,33643,36,21845,32,22186,166
1329,40,4,20,21886,29647,26,21980,32,22056,168
1330,40,4,20,14346,16821,26,14349,32,14458,166
1331,40,4,20,25812,27196,26,25812,31,26013,167
1332,40,4,20,10418,12540,26,10418,31,10499,165
1333,40,4,20,16603,22313,25,16603,31,16862,167
1334,40,4,20,9171,13962,27,9182,32,9242,166
1335,40,4,20,18837,20747,25,18839,32,18984,166
1336,40,4,20,4901,6682,27,4901,30,4939,162
1337,40,4,20,6590,8575,26,6590,31,6641,167
1338,40,4,20,22677,35834,27,22691,31,22854,166
1339,40,4,20,17458,24937,26,17459,30,17594,165
1340,40,4,20,23976,33341,27,23976,32,24163,165
1341,40,4,20,2012,2483,26,2012,733,2027,190
1342,40,4,20,5445,6842,27,5445,31,5487,217
1343,40,4,20,22063,30714,26,22067,32,22235,181
1344,40,4,20,21843,23970,26,21843,31,22013,168
1345,40,4,20,20240,27474,26,20241,32,20398,167
1346,40,4,20,18715,22527,27,18715,31,18861,166
1347,40,4,20,602,857,25,602,31,606,163
1348,40,4,20,20693,23328,25,20694,31,20854,165
1349,40,4,20,17366,21714,26,17417,31,17501,168
1350,40,4,20,6282,9185,26,6282,31,6331,164
1351,40,8,8,42,50,34,43,38,42,203
1352,40,8,8,56,78,33,56,38,56,200
1353,40,8,8,64,79,32,64,38,64,200
1354,40,8,8,57,66,32,57,38,57,200
1355,40,8,8,59,91,31,59,38,59,214
1356,40,8,8,70,94,33,70,36,70,203
1357,40,8,8,59,99,33,59,38,59,212
1358,40,8,8,43,60,32,43,40,43,200
1359,40,8,8,59,78,33,60,37,59,203
1360,40,8,8,45,74,33,45,38,45,201
1361,40,8,8,47,56,33,47,39,47,198
1362,40,8,8,67,93,32,67,38,67,201
1363,40,8,8,64,92,32,64,38,64,200
1364,40,8,8,70,116,31,70,36,70,198
1365,40,8,8,67,90,33,67,38,67,202
1366,40,8,8,69,107,33,70,39,69,199
1367,40,8,8,69,92,32,69,38,69,203
1368,40,8,8,44,67,33,44,38,44,204
1369,40,8,8,67,82,32,67,39,67,199
1370,40,8,8,64,89,33,64,38,64,201
1371,40,8,8,48,72,32,48,37,48,199
1372,40,8,8,53,67,31,53,46,53,199
1373,40,8,8,44,69,33,44,39,44,202
1374,40,8,8,57,89,42,57,38,57,198
1375,40,8,8,53,80,33,53,38,53,200
1376,40,8,16,442,523,33,447,39,445,202
1377,40,8,16,48,67,32,48,39,48,201
1378,40,8,16,381,507,32,383,37,383,203
1379,40,8,16,368,448,33,370,39,370,198
1380,40,8,16,498,621,33,502,39,501,199
1381,40,8,16,657,902,33,667,39,662,203
1382,40,8,16,401,538,31,405,38,404,201
1383,40,8,16,404,575,31,406,39,407,201
1384,40,8,16,389,559,32,395,39,392,200
1385,40,8,16,706,955,33,707,39,711,204
1386,40,8,16,788,981,33,789,39,794,245
1387,40,8,16,226,350,33,226,39,227,202
1388,40,8,16,191,254,32,192,55,192,204
1389,40,8,16,168,228,32,169,35,169,203
1390,40,8,16,753,1039,32,756,39,758,200
1391,40,8,16,721,942,32,731,39,726,202
1392,40,8,16,427,660,32,435,38,430,202
1393,40,8,16,233,313,32,234,38,234,203
1394,40,8,16,461,585,33,463,39,464,200
1395,40,8,16,504,767,34,505,38,507,201
1396,40,8,16,454,548,32,456,38,457,201
1397,40,8,16,278,374,32,281,39,280,203
1398,40,8,16,187,280,32,189,38,188,201
1399,40,8,16,676,910,33,682,39,681,205
1400,40,8,16,624,856,33,629,39,628,210
1401,40,8,20,1572,2117,33,1575,39,1584,202
1402,40,8,20,5059,7659,33,5072,39,5095,220
1403,40,8,20,10149,13464,33,10206,39,10228,203
1404,40,8,20,9460,12480,31,9517,38,9533,203
1405,40,8,20,8415,10100,33,8506,40,8480,199
1406,40,8,20,7397,11558,32,7419,38,7454,200
1407,40,8,20,72,85,32,72,36,72,202
1408,40,8,20,8141,12449,33,8277,39,8203,202
1409,40,8,20,11251,15706,31,11326,39,11338,201
1410,40,8,20,4590,7652,33,4600,39,4625,203
1411,40,8,20,2297,3485,31,2352,39,2332,201
1412,40,8,20,1468,1881,32,1480,38,1479,203
1413,40,8,20,7027,10461,31,7057,38,7081,201
1414,40,8,20,12089,20275,32,12228,38,12182,810
1415,40,8,20,8097,12659,34,8119,39,8160,204
1416,40,8,20,11488,16284,33,11514,40,11576,203
1417,40,8,20,9307,10948,32,9354,39,9376,200
1418,40,8,20,11360,17764,32,11598,39,11446,200
1419,40,8,20,4582,5919,33,4597,38,4617,201
1420,40,8,20,6984,11809,33,7003,39,7038,203
1421,40,8,20,12331,17821,32,12340,39,12427,208
1422,40,8,20,7208,9793,32,7245,40,7264,202
1423,40,8,20,12806,21509,32,12850,38,12904,199
1424,40,8,20,12891,15940,31,12909,39,12991,204
1425,40,8,20,6412,11015,31,6423,38,6462,201
1426,32,16,8,67,106,32,67,36,67,227
1427,32,16,8,50,71,31,50,35,50,217
1428,32,16,8,52,80,30,52,35,52,215
1429,32,16,8,68,102,31,68,36,68,210
1430,32,16,8,57,92,31,57,35,57,208
1431,32,16,8,50,77,32,50,47,50,210
1432,32,16,8,49,75,31,49,35,49,209
1433,32,16,8,46,69,30,46,36,46,209
1434,32,16,8,43,60,30,43,35,43,208
1435,32,16,8,41,64,30,41,34,41,208
1436,32,16,8,53,75,30,53,36,53,208
1437,32,16,8,63,89,30,63,36,63,208
1438,32,16,8,56,84,31,56,36,56,210
1439,32,16,8,45,60,31,45,36,45,208
1440,32,16,8,63,86,30,63,36,63,218
1441,32,16,8,63,99,29,63,36,63,206
1442,32,16,8,53,81,30,53,36,53,208
1443,32,16,8,63,89,30,63,36,63,208
1444,32,16,8,66,100,31,66,35,66,207
1445,32,16,8,58,82,31,58,35,58,210
1446,32,16,8,40,65,30,40,35,40,209
1447,32,16,8,67,92,30,67,36,67,207
1448,32,16,8,45,59,30,45,35,45,206
1449,32,16,8,69,102,31,69,35,69,208
1450,32,16,8,64,97,30,64,35,64,208
1451,32,16,16,328,517,30,328,36,330,205
1452,32,16,16,290,434,32,290,36,292,219
1453,32,16,16,62,96,31,62,35,62,208
1454,32,16,16,230,352,30,230,35,231,217
1455,32,16,16,120,177,31,120,35,120,206
1456,32,16,16,209,289,30,209,35,209,207
1457,32,16,16,298,489,31,298,36,299,206
1458,32,16,16,53,76,31,53,35,53,207
1459,32,16,16,69,100,30,69,35,69,209
1460,32,16,16,341,517,32,341,36,343,205
1461,32,16,16,90,124,30,90,35,90,205
1462,32,16,16,203,328,30,203,37,204,208
1463,32,16,16,157,228,30,157,35,158,205
1464,32,16,16,393,550,30,393,35,396,206
1465,32,16,16,381,607,30,381,37,383,207
1466,32,16,16,107,167,31,107,35,107,207
1467,32,16,16,342,502,30,342,35,343,207
1468,32,16,16,341,532,30,341,36,343,205
1469,32,16,16,306,488,30,306,42,308,205
1470,32,16,16,176,256,31,176,36,177,205
1471,32,16,16,324,481,31,324,36,326,209
1472,32,16,16,136,198,30,136,35,137,207
1473,32,16,16,395,588,31,395,35,398,207
1474,32,16,16,185,304,30,185,36,186,209
1475,32,16,16,130,198,31,130,35,131,207
1476,32,16,20,2664,4422,30,2664,36,2682,203
1477,32,16,20,4729,6453,31,4729,36,4752,223
1478,32,16,20,979,1536,30,979,36,986,208
1479,32,16,20,3227,4001,30,3227,35,3251,204
1480,32,16,20,6200,8373,31,6200,35,6244,205
1481,32,16,20,859,1380,30,859,35,865,206
1482,32,16,20,1421,1990,29,1421,36,1429,205
1483,32,16,20,4144,6221,30,4144,35,4171,212
1484,32,16,20,1660,2306,30,1660,35,1671,205
1485,32,16,20,3986,6114,30,3986,36,4000,206
1486,32,16,20,306,452,30,306,36,308,205
1487,32,16,20,4320,6003,31,4320,36,4332,205
1488,32,16,20,6225,10484,30,6225,36,6266,205
1489,32,16,20,529,780,30,529,35,532,206
1490,32,16,20,6207,9890,30,6207,1191,6246,263
1491,32,16,20,3997,5916,102,3997,37,3997,221
1492,32,16,20,1539,2188,30,1539,38,1550,402
1493,32,16,20,3569,4786,35,3569,38,3578,207
1494,32,16,20,1714,2811,31,1714,36,1720,209
1495,32,16,20,5263,7270,31,5263,34,5301,209
1496,32,16,20,5633,8090,40,5633,36,5674,207
1497,32,16,20,4802,7690,31,4802,36,4827,218
1498,32,16,20,3788,5692,30,3788,36,3817,211
1499,32,16,20,287,439,32,287,36,289,212
1500,32,16,20,560,869,30,560,35,564,207
1501,50,2,8,75,80,25,75,45,75,169
1502,50,2,8,76,76,23,76,30,76,169
1503,50,2,8,50,50,23,50,28,50,237
1504,50,2,8,76,76,22,76,28,76,166
1505,50,2,8,78,78,21,78,29,78,219
1506,50,2,8,77,77,23,77,28,77,168
1507,50,2,8,70,70,22,70,28,70,166
1508,50,2,8,56,56,23,56,28,56,165
1509,50,2,8,67,68,25,67,30,67,183
1510,50,2,8,55,55,23,55,29,55,166
1511,50,2,8,75,84,25,75,29,75,165
1512,50,2,8,79,79,25,79,30,79,167
1513,50,2,8,54,54,23,54,29,54,163
1514,50,2,8,55,55,24,55,29,55,184
1515,50,2,8,60,60,23,60,29,60,165
1516,50,2,8,61,61,20,61,28,61,166
1517,50,2,8,51,52,25,51,30,51,165
1518,50,2,8,74,75,26,74,27,74,166
1519,50,2,8,63,69,22,63,28,63,182
1520,50,2,8,53,53,21,53,28,53,166
1521,50,2,8,73,73,24,73,29,73,174
1522,50,2,8,58,58,22,58,29,58,164
1523,50,2,8,75,75,24,75,29,75,180
1524,50,2,8,68,68,23,68,29,68,165
1525,50,2,8,53,53,22,53,28,53,164
1526,50,2,16,951,951,23,951,30,958,167
1527,50,2,16,2302,3393,23,2302,29,2319,167
1528,50,2,16,967,1098,25,974,38,974,183
1529,50,2,16,1555,1706,24,1555,31,1567,168
1530,50,2,16,1819,1930,25,1819,30,1833,168
1531,50,2,16,1978,2115,22,1978,29,1993,165
1532,50,2,16,670,683,22,670,30,675,164
1533,50,2,16,1902,2422,24,1902,45,1916,166
1534,50,2,16,2539,2539,22,2539,28,2558,167
1535,50,2,16,1235,1235,23,1235,29,1244,164
1536,50,2,16,1715,1725,24,1715,29,1728,168
1537,50,2,16,440,560,23,440,29,443,180
1538,50,2,16,1736,2009,22,1736,29,1749,166
1539,50,2,16,1564,1932,21,1564,29,1576,166
1540,50,2,16,1161,1541,26,1161,31,1170,169
1541,50,2,16,3047,3971,25,3047,30,3070,166
1542,50,2,16,944,944,23,944,30,951,182
1543,50,2,16,1208,1445,23,1208,30,1217,165
1544,50,2,16,2924,3439,22,2924,29,2946,171
1545,50,2,16,1071,1163,23,1071,28,1079,168
1546,50,2,16,1899,2309,23,1899,28,1913,167
1547,50,2,16,3161,3366,38,3161,30,3185,166
1548,50,2,16,3221,4339,23,3221,29,3246,166
1549,50,2,16,959,971,23,959,29,966,165
1550,50,2,16,3147,3999,43,3147,30,3171,167
1551,50,2,20,5293,5576,23,5293,30,5334,181
1552,50,2,20,25760,26238,21,25760,32,25961,165
1553,50,2,20,37828,37958,25,37828,31,38123,166
1554,50,2,20,21775,31015,25,21775,30,21945,164
1555,50,2,20,25371,29280,24,25718,31,25569,170
1556,50,2,20,39334,39479,23,39334,48,39641,199
1557,50,2,20,44132,45510,24,44132,39,44476,1161
1558,50,2,20,44930,46940,25,45302,31,45260,175
1559,50,2,20,47089,51277,20,47125,32,47456,169
1560,50,2,20,1624,1627,23,1624,30,1636,179
1561,50,2,20,21688,27414,23,21688,30,21857,169
1562,50,2,20,5632,5770,22,5632,29,5676,169
1563,50,2,20,27923,29846,21,27923,28,28141,171
1564,50,2,20,29926,32527,21,29926,30,30159,171
1565,50,2,20,50490,66173,23,50490,30,50884,176
1566,50,2,20,21595,22187,22,21595,31,21763,165
1567,50,2,20,1553,1891,22,1553,29,1565,170
1568,50,2,20,27628,29056,21,27628,29,27843,166
1569,50,2,20,9246,11059,23,9246,60,9318,179
1570,50,2,20,31423,32289,23,31471,30,31668,165
1571,50,2,20,31525,46526,21,31525,28,31771,176
1572,50,2,20,22960,24103,23,22960,30,23139,165
1573,50,2,20,17060,17754,22,17060,27,17119,171
1574,50,2,20,33970,36777,23,33970,30,34235,177
1575,50,2,20,14944,15917,22,14944,30,15060,166
1576,48,3,8,68,68,28,68,33,68,169
1577,48,3,8,67,71,26,67,31,67,171
1578,48,3,8,80,90,26,80,32,80,169
1579,48,3,8,64,79,37,64,32,64,169
1580,48,3,8,73,104,26,73,32,73,168
1581,48,3,8,78,108,27,78,35,78,170
1582,48,3,8,53,56,27,53,33,53,175
1583,48,3,8,53,65,26,53,32,53,177
1584,48,3,8,54,61,28,54,32,54,170
1585,48,3,8,59,59,28,59,35,59,169
1586,48,3,8,79,81,26,79,41,79,168
1587,48,3,8,67,78,26,67,33,67,182
1588,48,3,8,56,58,26,56,33,56,170
1589,48,3,8,70,85,28,70,34,70,168
1590,48,3,8,65,88,26,65,35,65,171
1591,48,3,8,59,60,27,59,35,59,170
1592,48,3,8,71,73,28,71,34,71,182
1593,48,3,8,56,74,28,56,31,56,169
1594,48,3,8,69,91,26,69,32,69,171
1595,48,3,8,62,63,27,62,35,62,170
1596,48,3,8,75,94,29,75,33,75,181
1597,48,3,8,79,95,27,79,33,79,169
1598,48,3,8,64,66,26,64,36,64,169
1599,48,3,8,59,59,27,59,35,59,171
1600,48,3,8,77,77,27,77,34,77,172
1601,48,3,16,595,617,27,595,42,599,168
1602,48,3,16,1908,2038,29,1908,34,1922,176
1603,48,3,16,851,998,35,851,33,857,173
1604,48,3,16,570,723,28,570,35,574,170
1605,48,3,16,244,261,28,244,31,245,180
1606,48,3,16,629,695,28,629,34,633,170
1607,48,3,16,1946,2208,27,1946,35,1961,171
1608,48,3,16,194,266,26,194,34,195,172
1609,48,3,16,1237,1358,27,1237,33,1246,172
1610,48,3,16,1055,1206,27,1055,33,1063,173
1611,48,3,16,690,976,28,690,33,695,171
1612,48,3,16,642,730,28,642,32,647,171
1613,48,3,16,681,760,28,681,33,686,170
1614,48,3,16,1757,2384,27,1757,34,1770,181
1615,48,3,16,1872,2004,28,1872,34,1915,177
1616,48,3,16,1943,2154,26,1943,32,1958,172
1617,48,3,16,1284,1349,28,1284,35,1294,171
1618,48,3,16,552,578,28,552,34,556,180
1619,48,3,16,1719,1874,28,1719,32,1732,178
1620,48,3,16,1541,1675,27,1541,34,1553,171
1621,48,3,16,1167,1632,28,1167,34,1176,172
1622,48,3,16,862,970,27,862,35,868,173
1623,48,3,16,1204,1617,29,1204,42,1213,182
1624,48,3,16,458,625,29,458,35,461,184
1625,48,3,16,1887,2788,28,1887,34,1901,178
1626,48,3,20,3784,3847,29,3784,35,3813,191
1627,48,3,20,17364,24662,28,17381,36,17499,188
1628,48,3,20,27465,32606,28,27465,35,27679,175
1629,48,3,20,2729,2856,26,2729,33,2750,170
1630,48,3,20,1854,1885,27,1854,33,1868,171
1631,48,3,20,34745,41221,27,34782,36,35016,184
1632,48,3,20,10372,13922,28,10372,32,10453,173
1633,48,3,20,19550,19632,28,19550,34,19702,226
1634,48,3,20,9340,10274,28,9340,36,9412,177
1635,48,3,20,23173,27921,28,23173,34,23354,229
1636,48,3,20,8588,13439,28,8588,33,8655,173
1637,48,3,20,8265,8959,28,8486,35,8329,173
1638,48,3,20,30204,38305,28,30283,36,30439,177
1639,48,3,20,15534,20672,29,15534,35,15655,181
1640,48,3,20,20089,21992,36,20089,39,20245,181
1641,48,3,20,12559,16515,28,12559,39,12657,173
1642,48,3,20,8674,9881,28,8674,34,8741,172
1643,48,3,20,28399,40237,27,28399,35,28620,172
1644,48,3,20,31873,39553,28,31873,35,32122,185
1645,48,3,20,10312,13350,27,10312,36,10392,171
1646,48,3,20,24467,27393,27,24467,36,24658,170
1647,48,3,20,7145,7847,28,7145,37,7200,171
1648,48,3,20,14452,17029,28,14452,34,14564,182
1649,48,3,20,2498,3050,27,2498,34,2517,171
1650,48,3,20,9260,9492,27,9324,34,9332,170
1651,48,4,8,62,72,30,62,33,62,205
1652,48,4,8,59,71,29,59,34,59,198
1653,48,4,8,57,74,29,57,35,57,190
1654,48,4,8,79,96,29,79,33,79,189
1655,48,4,8,69,103,30,69,35,69,188
1656,48,4,8,70,103,31,70,34,70,199
1657,48,4,8,77,100,30,77,35,77,187
1658,48,4,8,69,74,29,69,35,69,188
1659,48,4,8,71,100,31,71,35,71,188
1660,48,4,8,63,77,28,63,35,63,205
1661,48,4,8,69,93,30,69,34,69,189
1662,48,4,8,67,74,29,67,34,67,188
1663,48,4,8,56,69,29,56,34,56,188
1664,48,4,8,76,82,29,76,34,76,186
1665,48,4,8,50,51,38,50,34,50,187
1666,48,4,8,50,58,28,50,34,50,195
1667,48,4,8,70,75,29,70,33,70,187
1668,48,4,8,53,67,28,53,34,53,187
1669,48,4,8,75,95,39,75,36,75,186
1670,48,4,8,74,102,29,74,35,74,187
1671,48,4,8,79,120,28,79,34,79,189
1672,48,4,8,59,74,28,59,34,59,187
1673,48,4,8,61,69,29,61,43,61,187
1674,48,4,8,59,77,28,59,34,59,184
1675,48,4,8,80,93,28,80,35,80,188
1676,48,4,16,280,342,32,280,36,282,186
1677,48,4,16,579,640,31,579,44,583,192
1678,48,4,16,1309,1702,31,1309,36,1319,190
1679,48,4,16,1232,1683,30,1232,35,1241,189
1680,48,4,16,634,847,30,634,36,638,190
1681,48,4,16,117,134,28,117,35,117,207
1682,48,4,16,989,1078,29,989,37,996,191
1683,48,4,16,104,137,32,104,34,104,187
1684,48,4,16,367,613,30,367,35,369,187
1685,48,4,16,1146,1322,29,1146,37,1154,204
1686,48,4,16,1106,1322,32,1106,38,1114,212
1687,48,4,16,558,562,31,558,37,562,195
1688,48,4,16,717,770,30,717,37,722,197
1689,48,4,16,84,93,41,84,34,84,189
1690,48,4,16,445,466,30,445,35,448,190
1691,48,4,16,263,399,30,263,35,265,187
1692,48,4,16,381,549,29,381,35,383,193
1693,48,4,16,289,297,39,289,35,291,190
1694,48,4,16,636,882,30,636,34,640,193
1695,48,4,16,1542,1713,33,1542,46,1554,200
1696,48,4,16,882,1294,30,882,35,888,213
1697,48,4,16,1262,1812,32,1262,35,1271,193
1698,48,4,16,1464,1747,30,1464,35,1475,189
1699,48,4,16,857,1085,29,857,35,863,189
1700,48,4,16,184,195,29,184,34,185,186
1701,48,4,20,10234,10447,29,10234,37,10313,190
1702,48,4,20,15037,18234,31,15953,35,15154,189
1703,48,4,20,2977,4445,29,2977,36,3000,190
1704,48,4,20,13604,16139,29,13604,35,13710,191
1705,48,4,20,24744,32315,42,24744,40,24937,210
1706,48,4,20,5573,7516,30,5573,36,5616,194
1707,48,4,20,13322,15326,31,13322,36,13426,194
1708,48,4,20,17012,20116,31,17033,35,17144,278
1709,48,4,20,9631,9685,32,9631,35,9706,194
1710,48,4,20,13480,15936,31,13502,35,13585,232
1711,48,4,20,11440,11752,30,11561,37,11529,191
1712,48,4,20,21785,27495,31,21785,36,21955,192
1713,48,4,20,19726,25134,31,19732,37,19880,191
1714,48,4,20,8802,11003,31,8802,37,8870,190
1715,48,4,20,21863,22475,30,21912,36,22033,190
1716,48,4,20,11938,13036,30,11938,36,12031,193
1717,48,4,20,3430,4621,30,3434,36,3456,190
1718,48,4,20,24177,31990,31,24177,37,24365,190
1719,48,4,20,10193,11339,30,10193,37,10272,189
1720,48,4,20,16472,17446,30,16472,37,16600,188
1721,48,4,20,19981,23434,30,19983,37,20137,191
1722,48,4,20,14510,16483,31,14510,37,14736,191
1723,48,4,20,91,102,30,91,35,91,197
1724,48,4,20,16488,20110,31,16848,37,16616,192
1725,48,4,20,11951,15359,32,11951,36,12044,191
1726,48,8,8,77,102,39,77,45,77,236
1727,48,8,8,50,70,38,50,44,50,229
1728,48,8,8,60,84,37,60,44,60,231
1729,48,8,8,62,96,39,62,43,62,233
1730,48,8,8,62,82,36,62,45,62,231
1731,48,8,8,60,87,36,60,44,60,228
1732,48,8,8,77,98,38,77,45,77,229
1733,48,8,8,75,86,38,75,45,75,231
1734,48,8,8,67,94,36,67,44,67,233
1735,48,8,8,53,73,37,53,45,53,232
1736,48,8,8,53,63,39,53,44,53,236
1737,48,8,8,53,88,37,53,43,53,233
1738,48,8,8,64,87,38,64,52,64,230
1739,48,8,8,58,80,39,58,44,58,232
1740,48,8,8,61,80,37,61,45,61,231
1741,48,8,8,74,94,37,74,44,74,230
1742,48,8,8,77,110,37,78,44,77,233
1743,48,8,8,53,62,39,53,44,53,243
1744,48,8,8,75,116,37,75,45,75,231
1745,48,8,8,51,80,38,51,44,51,233
1746,48,8,8,73,95,38,73,44,73,228
1747,48,8,8,73,104,36,73,45,73,232
1748,48,8,8,70,87,36,70,45,70,230
1749,48,8,8,71,109,50,71,45,71,228
1750,48,8,8,65,82,39,65,44,65,228
1751,48,8,16,706,821,39,709,45,711,233
1752,48,8,16,576,785,38,576,160,580,243
1753,48,8,16,811,996,38,813,46,817,241
1754,48,8,16,693,856,38,694,45,698,233
1755,48,8,16,650,878,37,651,45,655,232
1756,48,8,16,394,540,38,394,45,397,237
1757,48,8,16,778,923,37,779,45,784,235
1758,48,8,16,340,427,37,341,46,342,234
1759,48,8,16,207,263,38,207,44,208,229
1760,48,8,16,423,455,39,427,45,426,231
1761,48,8,16,140,178,83,140,46,141,232
1762,48,8,16,99,129,39,99,44,99,237
1763,48,8,16,606,750,39,608,46,610,229
1764,48,8,16,359,520,38,360,45,361,229
1765,48,8,16,449,548,38,458,46,452,235
1766,48,8,16,557,732,37,557,46,561,233
1767,48,8,16,528,744,36,528,46,532,233
1768,48,8,16,291,411,37,294,46,293,227
1769,48,8,16,133,173,38,133,46,134,229
1770,48,8,16,161,235,38,162,45,162,230
1771,48,8,16,478,647,38,478,45,481,229
1772,48,8,16,135,200,39,135,46,136,232
1773,48,8,16,693,904,39,705,45,698,245
1774,48,8,16,641,970,38,647,44,646,231
1775,48,8,16,505,717,37,506,46,508,233
1776,48,8,20,757,1021,40,759,45,762,231
1777,48,8,20,2037,2373,38,2038,47,2052,234
1778,48,8,20,4597,7499,39,4600,46,4632,233
1779,48,8,20,785,1005,38,788,46,791,237
1780,48,8,20,9720,11036,40,9738,46,9795,230
1781,48,8,20,5308,7948,38,5355,45,5349,234
1782,48,8,20,9398,13727,39,9417,47,9471,238
1783,48,8,20,4994,6837,38,5000,46,5033,231
1784,48,8,20,8583,13441,38,8640,45,8650,247
1785,48,8,20,6107,7932,39,6118,45,6154,236
1786,48,8,20,11667,15652,38,11692,47,11758,232
1787,48,8,20,5576,6884,37,5594,47,5618,233
1788,48,8,20,9835,15105,38,9842,46,9911,234
1789,48,8,20,8458,11680,38,8482,46,8524,230
1790,48,8,20,3107,3544,39,3109,44,3131,227
1791,48,8,20,4157,6164,38,4163,46,4189,231
1792,48,8,20,2246,3724,39,2252,45,2263,235
1793,48,8,20,8002,12136,38,8012,45,8064,235
1794,48,8,20,10112,15528,49,10117,1296,10191,651
1795,48,8,20,7522,11144,106,7530,82,7580,254
1796,48,8,20,4869,7083,39,4894,48,4907,236
1797,48,8,20,11672,13233,39,11714,46,11763,236
1798,48,8,20,3959,4977,39,3992,46,3989,231
1799,48,8,20,4192,4907,38,4195,45,4224,235
1800,48,8,20,1761,2619,39,1765,45,1774,354
1801,48,16,8,52,72,44,53,51,52,294
1802,48,16,8,69,97,43,73,50,69,288
1803,48,16,8,78,110,42,83,51,79,358
1804,48,16,8,66,104,51,67,51,67,287
1805,48,16,8,72,109,42,73,50,73,289
1806,48,16,8,66,84,42,68,51,67,301
1807,48,16,8,75,104,43,76,50,76,286
1808,48,16,8,53,82,43,55,50,54,280
1809,48,16,8,58,89,43,59,50,59,283
1810,48,16,8,50,73,43,53,50,51,332
1811,48,16,8,53,76,43,55,50,54,280
1812,48,16,8,76,110,44,77,52,77,288
1813,48,16,8,61,97,43,65,52,62,292
1814,48,16,8,62,97,42,63,50,63,282
1815,48,16,8,55,86,43,56,50,55,291
1816,48,16,8,72,108,43,76,51,73,288
1817,48,16,8,60,83,43,61,51,61,287
1818,48,16,8,57,85,42,58,52,57,288
1819,48,16,8,62,90,43,63,51,63,283
1820,48,16,8,65,105,42,66,51,66,283
1821,48,16,8,53,78,44,56,51,54,283
1822,48,16,8,67,99,43,72,60,68,287
1823,48,16,8,66,103,42,70,51,67,294
1824,48,16,8,61,95,43,62,51,62,288
1825,48,16,8,70,110,43,71,50,71,287
1826,48,16,16,326,442,44,336,53,328,288
1827,48,16,16,181,301,43,186,51,182,289
1828,48,16,16,280,411,43,298,53,284,285
1829,48,16,16,226,338,43,230,52,229,283
1830,48,16,16,177,245,43,180,51,178,283
1831,48,16,16,153,242,44,157,51,154,284
1832,48,16,16,192,253,43,200,52,193,289
1833,48,16,16,241,313,43,246,52,244,279
1834,48,16,16,156,232,54,163,52,158,287
1835,48,16,16,236,376,43,246,50,239,285
1836,48,16,16,240,376,42,246,52,243,283
1837,48,16,16,197,291,43,204,51,200,284
1838,48,16,16,289,443,43,293,53,291,303
1839,48,16,16,310,441,41,326,52,314,282
1840,48,16,16,317,431,43,326,51,321,283
1841,48,16,16,73,110,43,75,51,74,287
1842,48,16,16,360,585,42,369,52,362,284
1843,48,16,16,98,138,43,101,52,99,283
1844,48,16,16,354,505,43,364,52,359,296
1845,48,16,16,188,230,42,198,93,190,287
1846,48,16,16,274,387,42,288,51,278,283
1847,48,16,16,180,234,43,187,52,182,282
1848,48,16,16,174,217,43,181,51,176,904
1849,48,16,16,157,232,49,159,53,159,291
1850,48,16,16,358,541,44,367,51,363,284
1851,48,16,20,3838,5086,42,3957,53,3896,278
1852,48,16,20,2618,3919,43,2751,52,2658,362
1853,48,16,20,121,153,42,123,53,122,280
1854,48,16,20,520,738,42,553,50,528,298
1855,48,16,20,2182,2808,43,2216,52,2216,289
1856,48,16,20,5655,7821,42,5912,50,5699,280
1857,48,16,20,1351,2228,42,1384,51,1372,283
1858,48,16,20,6141,9816,43,6273,52,6188,282
1859,48,16,20,3466,4754,43,3538,51,3491,280
1860,48,16,20,6481,11288,43,6773,53,6581,284
1861,48,16,20,1826,2803,43,1928,52,1839,285
1862,48,16,20,4030,6197,43,4205,51,4092,294
1863,48,16,20,6473,9144,44,6825,51,6563,298
1864,48,16,20,129,175,42,132,51,130,287
1865,48,16,20,1258,1922,43,1292,53,1277,286
1866,48,16,20,4947,7694,43,5096,52,5024,282
1867,48,16,20,5495,9032,43,5666,52,5579,287
1868,48,16,20,5378,7857,43,5590,52,5461,282
1869,48,16,20,787,1236,44,806,53,799,284
1870,48,16,20,3825,5224,43,3975,53,3882,282
1871,48,16,20,4493,7007,42,4644,51,4528,289
1872,48,16,20,4008,6809,43,4174,52,4070,284
1873,48,16,20,5261,8550,45,5347,59,5343,287
1874,48,16,20,4763,6133,43,4828,51,4799,279
1875,48,16,20,1899,2377,42,1937,52,1928,282
1876,100,2,8,106,106,44,106,55,106,311
1877,100,2,8,130,130,42,130,56,131,312
1878,100,2,8,122,122,44,122,56,122,305
1879,100,2,8,130,130,41,130,56,131,312
1880,100,2,8,116,116,40,116,56,116,315
1881,100,2,8,105,105,37,105,53,105,311
1882,100,2,8,115,115,42,115,56,115,316
1883,100,2,8,115,115,42,115,56,115,325
1884,100,2,8,121,121,44,121,54,121,312
1885,100,2,8,130,130,43,130,56,131,310
1886,100,2,8,118,118,41,118,55,118,309
1887,100,2,8,122,122,43,122,53,122,307
1888,100,2,8,110,110,43,110,75,110,310
1889,100,2,8,108,108,40,108,56,108,309
1890,100,2,8,107,107,45,107,55,107,312
1891,100,2,8,111,111,40,111,55,111,309
1892,100,2,8,115,115,41,115,54,115,318
1893,100,2,8,105,105,40,105,56,105,311
1894,100,2,8,121,121,41,121,52,121,309
1895,100,2,8,109,109,40,109,53,109,311
1896,100,2,8,110,115,43,110,56,110,311
1897,100,2,8,110,110,37,110,56,110,306
1898,100,2,8,130,130,39,130,57,131,309
1899,100,2,8,127,127,44,127,57,127,308
1900,100,2,8,117,117,44,117,57,117,310
1901,100,2,16,2685,2773,43,2685,52,2705,314
1902,100,2,16,1411,1429,49,1411,58,1422,313
1903,100,2,16,2029,2082,46,2029,60,2044,880
1904,100,2,16,1929,2174,58,1929,59,1944,335
1905,100,2,16,2052,2052,40,2052,58,2068,316
1906,100,2,16,1236,1454,45,1236,56,1245,313
1907,100,2,16,2920,3042,40,2920,59,2942,313
1908,100,2,16,2724,2879,47,2724,58,2745,322
1909,100,2,16,997,1197,53,997,61,1004,411
1910,100,2,16,1498,1619,45,1498,54,1509,314
1911,100,2,16,2544,2661,40,2544,58,2563,311
1912,100,2,16,1815,1861,45,1815,58,1829,315
1913,100,2,16,573,635,44,573,56,577,317
1914,100,2,16,322,322,40,322,56,324,313
1915,100,2,16,764,764,42,764,57,769,311
1916,100,2,16,319,341,44,319,52,321,312
1917,100,2,16,1518,1523,39,1518,57,1529,406
1918,100,2,16,671,867,43,671,60,676,312
1919,100,2,16,510,514,44,510,66,513,312
1920,100,2,16,1437,1461,47,1437,58,1448,313
1921,100,2,16,2418,3149,45,2418,58,2436,313
1922,100,2,16,602,648,50,602,55,606,319
1923,100,2,16,2442,2442,46,2442,57,2461,311
1924,100,2,16,379,403,47,379,61,381,310
1925,100,2,16,2826,3069,49,2826,57,2848,317
1926,100,2,20,16454,21659,47,16454,57,16536,335
1927,100,2,20,14998,15028,45,14998,56,15115,312
1928,100,2,20,18475,22274,44,18475,60,18619,319
1929,100,2,20,18230,18230,43,18230,60,18372,313
1930,100,2,20,8434,8434,42,8434,58,8499,313
1931,100,2,20,21359,21965,40,21359,57,21525,313
1932,100,2,20,34910,51556,44,34910,66,35182,323
1933,100,2,20,29527,29843,45,29527,58,29757,315
1934,100,2,20,39244,39426,44,39244,57,39550,339
1935,100,2,20,3359,3359,43,3359,56,3385,338
1936,100,2,20,35481,45751,42,35481,59,35758,317
1937,100,2,20,23766,25055,45,23766,58,23951,315
1938,100,2,20,23348,23616,38,23348,57,23530,313
1939,100,2,20,41711,49785,44,41711,57,42036,321
1940,100,2,20,42089,54533,38,42089,61,42417,313
1941,100,2,20,6153,6770,45,6153,58,6201,313
1942,100,2,20,14694,16999,43,14694,56,14808,312
1943,100,2,20,50668,65001,43,50668,60,51063,312
1944,100,2,20,33685,35024,45,33685,58,33948,313
1945,100,2,20,5497,6959,45,5497,68,5539,325
1946,100,2,20,37950,52457,48,37950,60,38246,324
1947,100,2,20,8962,10300,41,8962,55,9032,1298
1948,100,2,20,42617,49539,46,42617,62,42928,346
1949,100,2,20,47023,48689,42,47023,58,47390,312
1950,100,2,20,26473,28835,55,26473,58,26679,318
1951,99,3,8,101,103,53,101,66,101,342
1952,99,3,8,125,125,51,125,66,125,324
1953,99,3,8,100,104,54,100,65,100,322
1954,99,3,8,112,112,51,112,67,112,317
1955,99,3,8,106,142,51,106,67,106,319
1956,99,3,8,113,124,52,113,99,113,320
1957,99,3,8,107,125,52,107,71,107,317
1958,99,3,8,112,144,50,112,60,112,326
1959,99,3,8,121,126,52,121,70,121,318
1960,99,3,8,109,110,52,109,71,109,323
1961,99,3,8,104,104,50,104,71,104,315
1962,99,3,8,105,130,50,105,65,105,327
1963,99,3,8,112,117,53,112,64,112,319
1964,99,3,8,111,124,50,111,72,111,318
1965,99,3,8,100,132,52,100,61,100,320
1966,99,3,8,119,138,51,119,59,119,325
1967,99,3,8,130,131,53,130,62,131,319
1968,99,3,8,110,116,53,110,61,110,322
1969,99,3,8,118,158,51,118,66,118,330
1970,99,3,8,128,140,51,128,62,129,319
1971,99,3,8,126,159,53,126,63,126,322
1972,99,3,8,113,113,51,113,66,113,321
1973,99,3,8,107,107,52,107,71,107,318
1974,99,3,8,107,107,52,107,73,107,315
1975,99,3,8,110,125,50,110,71,110,337
1976,99,3,16,1320,1358,53,1320,64,1330,318
1977,99,3,16,1701,1715,52,1701,66,1714,318
1978,99,3,16,933,933,52,933,62,940,321
1979,99,3,16,1905,2302,54,1905,64,1919,323
1980,99,3,16,1511,1570,53,1511,71,1522,318
1981,99,3,16,2041,2662,51,2041,67,2056,317
1982,99,3,16,1677,1773,52,1677,63,1690,321
1983,99,3,16,615,961,52,615,64,619,320
1984,99,3,16,107,107,50,107,65,107,313
1985,99,3,16,1223,1539,52,1223,66,1232,321
1986,99,3,16,1284,1420,52,1284,71,1294,320
1987,99,3,16,1579,1627,53,1579,71,1591,325
1988,99,3,16,207,212,60,207,71,208,323
1989,99,3,16,1850,2000,52,1850,71,1864,322
1990,99,3,16,961,1323,51,961,66,968,315
1991,99,3,16,209,244,51,209,66,210,320
1992,99,3,16,1725,2010,52,1725,73,1738,314
1993,99,3,16,866,1267,51,866,1010,872,380
1994,99,3,16,671,929,55,671,121,676,317
1995,99,3,16,1718,1751,53,1718,72,1731,336
1996,99,3,16,1177,1295,54,1177,65,1186,321
1997,99,3,16,1900,2078,54,1900,67,1914,339
1998,99,3,16,675,695,51,675,63,680,329
1999,99,3,16,1767,2249,52,1767,64,1780,320
2000,99,3,16,1213,1399,55,1213,73,1222,320
2001,99,3,20,28531,32892,171,28531,71,28753,330
2002,99,3,20,4912,5860,53,4912,83,4950,356
2003,99,3,20,21475,24516,55,21475,69,21642,324
2004,99,3,20,32383,35833,53,32383,65,32635,320
2005,99,3,20,21361,27424,62,21361,71,21527,328
2006,99,3,20,13340,15193,54,13340,65,13444,320
2007,99,3,20,18958,24156,53,19073,67,19106,342
2008,99,3,20,16484,21151,54,16484,63,16612,318
2009,99,3,20,27083,28818,52,27083,64,27294,344
2010,99,3,20,25649,29426,51,25649,68,25849,322
2011,99,3,20,28999,32181,50,28999,109,29225,338
2012,99,3,20,14058,15324,53,14058,63,14167,354
2013,99,3,20,30240,35708,53,30240,70,30476,317
2014,99,3,20,23876,27707,50,23876,80,24062,320
2015,99,3,20,29533,40232,53,29533,64,29763,326
2016,99,3,20,447,630,51,447,71,450,336
2017,99,3,20,7228,8846,53,7279,64,7284,326
2018,99,3,20,11615,18214,53,11615,64,11705,338
2019,99,3,20,18819,20224,50,18819,63,18966,338
2020,99,3,20,33890,48086,53,33890,72,34154,326
2021,99,3,20,19082,27279,56,19082,74,19231,322
2022,99,3,20,17564,25316,52,17564,72,17701,326
2023,99,3,20,23322,28091,55,23322,65,23504,334
2024,99,3,20,29667,33562,53,29795,67,29898,327
2025,99,3,20,27880,30036,51,27880,72,28097,330
2026,100,4,8,117,133,59,117,69,117,354
2027,100,4,8,101,101,61,101,66,101,365
2028,100,4,8,100,124,56,100,66,100,356
2029,100,4,8,110,126,55,110,66,110,350
2030,100,4,8,114,147,66,114,65,114,353
2031,100,4,8,113,148,56,113,66,113,353
2032,100,4,8,121,126,57,121,78,121,352
2033,100,4,8,100,135,56,100,65,100,353
2034,100,4,8,101,148,57,101,66,101,366
2035,100,4,8,102,143,58,102,67,102,353
2036,100,4,8,120,154,58,120,66,120,377
2037,100,4,8,116,133,60,116,71,116,367
2038,100,4,8,115,118,56,115,134,115,371
2039,100,4,8,102,102,56,102,65,102,372
2040,100,4,8,109,116,54,109,67,109,366
2041,100,4,8,100,116,58,100,67,100,360
2042,100,4,8,104,110,58,104,68,104,357
2043,100,4,8,109,142,56,109,67,109,354
2044,100,4,8,104,109,58,104,67,104,371
2045,100,4,8,125,162,59,125,65,125,359
2046,100,4,8,123,148,57,123,66,123,355
2047,100,4,8,112,125,58,112,66,112,354
2048,100,4,8,110,113,57,110,65,110,350
2049,100,4,8,121,182,58,121,65,121,356
2050,100,4,8,116,140,56,116,67,116,352
2051,100,4,16,177,237,56,177,67,178,349
2052,100,4,16,142,185,58,142,67,143,375
2053,100,4,16,110,138,56,110,67,110,353
2054,100,4,16,1145,1292,61,1145,68,1153,356
2055,100,4,16,323,344,58,323,67,325,352
2056,100,4,16,158,173,57,158,67,159,357
2057,100,4,16,611,843,59,611,68,615,357
2058,100,4,16,266,310,54,266,69,268,355
2059,100,4,16,1567,1905,57,1567,68,1579,356
2060,100,4,16,1503,2001,59,1503,69,1514,368
2061,100,4,16,1540,1816,59,1540,69,1552,393
2062,100,4,16,816,877,59,816,68,822,354
2063,100,4,16,446,513,60,446,66,449,353
2064,100,4,16,205,238,57,205,68,206,353
2065,100,4,16,588,862,59,588,67,592,362
2066,100,4,16,1385,1688,58,1385,67,1395,352
2067,100,4,16,1241,1352,61,1241,68,1250,355
2068,100,4,16,805,1145,57,805,67,811,364
2069,100,4,16,235,298,55,235,67,236,354
2070,100,4,16,1242,1707,58,1242,67,1251,355
2071,100,4,16,808,926,60,808,67,814,356
2072,100,4,16,848,1120,57,848,66,854,357
2073,100,4,16,985,1159,58,985,80,992,949
2074,100,4,16,958,1326,65,958,106,965,398
2075,100,4,16,224,311,63,224,70,225,407
2076,100,4,20,16943,19694,61,16961,78,17075,365
2077,100,4,20,21337,22828,60,21337,67,21503,356
2078,100,4,20,694,1054,58,694,68,699,362
2079,100,4,20,17317,19608,59,17317,66,17452,360
2080,100,4,20,6908,7522,59,6908,68,6961,359
2081,100,4,20,23821,31176,60,23821,68,24007,357
2082,100,4,20,22298,29418,59,22298,68,22472,361
2083,100,4,20,15650,18785,57,15650,69,15772,365
2084,100,4,20,14974,17627,58,14974,69,15090,358
2085,100,4,20,11427,12609,59,11427,69,11516,356
2086,100,4,20,22899,23150,61,22971,68,23256,358
2087,100,4,20,7138,9919,61,7138,69,7193,362
2088,100,4,20,12013,14376,58,12013,69,12106,355
2089,100,4,20,15930,20815,60,16058,69,16054,358
2090,100,4,20,24166,29131,81,24166,69,24354,355
2091,100,4,20,2988,3737,59,2988,69,3011,371
2092,100,4,20,17068,26660,59,17068,69,17201,357
2093,100,4,20,12523,13428,60,12551,67,12620,359
2094,100,4,20,22657,36839,61,22657,69,22834,353
2095,100,4,20,21475,25570,59,21475,68,21642,358
2096,100,4,20,25825,27497,58,25825,67,26026,359
2097,100,4,20,20737,22768,61,20737,69,20899,360
2098,100,4,20,4947,5923,61,4947,69,4985,362
2099,100,4,20,23771,25843,61,23801,69,23956,364
2100,100,4,20,3237,4708,61,3237,69,3262,358
2101,96,8,8,108,151,71,108,82,108,408
2102,96,8,8,119,144,71,119,81,119,443
2103,96,8,8,107,140,70,107,81,107,419
2104,96,8,8,128,178,71,128,83,129,414
2105,96,8,8,110,151,71,110,82,110,1716
2106,96,8,8,123,160,77,123,85,123,423
2107,96,8,8,126,198,71,126,82,126,463
2108,96,8,8,121,162,73,121,83,121,456
2109,96,8,8,108,158,91,108,85,108,471
2110,96,8,8,128,185,73,128,83,129,434
2111,96,8,8,108,148,72,108,82,108,421
2112,96,8,8,115,159,70,115,82,115,436
2113,96,8,8,125,154,71,125,82,125,408
2114,96,8,8,126,148,70,126,82,126,423
2115,96,8,8,124,144,72,124,82,124,415
2116,96,8,8,127,184,70,127,95,127,428
2117,96,8,8,127,171,71,127,83,127,410
2118,96,8,8,126,137,84,126,84,126,412
2119,96,8,8,103,122,70,103,83,103,430
2120,96,8,8,127,164,68,127,84,127,417
2121,96,8,8,119,146,69,119,82,119,426
2122,96,8,8,125,191,70,125,82,125,411
2123,96,8,8,112,162,70,112,81,112,466
2124,96,8,8,107,114,71,107,84,107,411
2125,96,8,8,126,184,71,126,81,126,429
2126,96,8,16,165,222,70,165,84,166,413
2127,96,8,16,518,781,72,518,95,522,411
2128,96,8,16,406,478,73,406,82,409,412
2129,96,8,16,517,766,84,517,83,521,412
2130,96,8,16,112,146,70,112,91,112,953
2131,96,8,16,573,923,74,573,85,577,432
2132,96,8,16,222,276,71,222,83,223,412
2133,96,8,16,703,1036,71,703,84,708,535
2134,96,8,16,494,724,88,494,296,497,423
2135,96,8,16,495,782,76,495,84,498,447
2136,96,8,16,405,544,73,405,82,408,414
2137,96,8,16,172,221,72,172,81,173,418
2138,96,8,16,549,909,73,549,83,553,408
2139,96,8,16,579,920,74,579,82,583,408
2140,96,8,16,381,470,74,381,83,383,428
2141,96,8,16,102,143,71,102,82,102,412
2142,96,8,16,657,779,72,657,85,662,415
2143,96,8,16,117,165,71,117,81,117,415
2144,96,8,16,462,583,70,462,83,465,412
2145,96,8,16,136,195,71,136,80,137,418
2146,96,8,16,589,777,72,589,84,593,410
2147,96,8,16,789,1211,74,789,84,795,413
2148,96,8,16,388,538,75,388,83,391,414
2149,96,8,16,582,693,73,582,90,586,484
2150,96,8,16,737,996,71,737,82,742,407
2151,96,8,20,4731,6700,73,4731,84,4767,412
2152,96,8,20,10355,16921,72,10356,84,10435,405
2153,96,8,20,5849,6370,74,5849,84,5894,415
2154,96,8,20,1329,1692,72,1329,83,1339,410
2155,96,8,20,11933,13812,71,11946,86,12026,417
2156,96,8,20,12429,15524,115,12429,87,12526,412
2157,96,8,20,970,1244,74,970,84,977,414
2158,96,8,20,7805,9815,74,7805,84,7865,436
2159,96,8,20,12774,18383,73,12774,88,12873,411
2160,96,8,20,3977,5017,73,3977,84,4008,406
2161,96,8,20,10426,15700,69,10426,86,10507,412
2162,96,8,20,6925,10692,73,6925,84,6979,416
2163,96,8,20,8523,11484,75,8523,87,8589,416
2164,96,8,20,1472,1940,74,1472,86,1483,418
2165,96,8,20,9856,14132,73,9856,85,9933,419
2166,96,8,20,10557,16457,73,10611,86,10639,416
2167,96,8,20,621,952,71,621,83,625,411
2168,96,8,20,8443,10911,71,8443,87,8508,417
2169,96,8,20,949,1250,81,949,1157,956,482
2170,96,8,20,329,542,74,329,82,331,417
2171,96,8,20,1393,1943,72,1393,84,1403,422
2172,96,8,20,11240,17921,73,11240,86,11327,435
2173,96,8,20,8345,10409,73,8345,87,8410,412
2174,96,8,20,3895,4709,73,3895,85,3925,467
2175,96,8,20,8997,11772,73,8997,84,9067,415
2176,96,16,8,130,198,82,130,92,131,507
2177,96,16,8,107,175,80,107,91,107,493
2178,96,16,8,105,143,78,105,92,105,492
2179,96,16,8,109,157,79,109,91,109,502
2180,96,16,8,120,167,78,120,101,120,502
2181,96,16,8,128,185,81,128,93,129,494
2182,96,16,8,114,174,80,114,92,114,500
2183,96,16,8,109,156,80,109,92,109,492
2184,96,16,8,103,160,81,103,92,103,522
2185,96,16,8,117,176,81,117,93,117,495
2186,96,16,8,128,189,80,128,92,129,508
2187,96,16,8,122,207,79,122,92,122,491
2188,96,16,8,108,154,81,108,111,108,496
2189,96,16,8,122,194,81,122,93,122,597
2190,96,16,8,121,186,80,121,93,121,497
2191,96,16,8,122,184,81,122,93,122,506
2192,96,16,8,100,142,78,100,91,100,493
2193,96,16,8,129,181,79,129,91,130,493
2194,96,16,8,129,189,80,129,93,130,489
2195,96,16,8,126,168,79,126,92,126,492
2196,96,16,8,124,201,81,124,102,124,494
2197,96,16,8,100,152,80,100,95,100,1290
2198,96,16,8,118,167,86,118,98,118,573
2199,96,16,8,124,159,81,124,92,124,497
2200,96,16,8,115,161,78,115,93,115,493
2201,96,16,16,159,220,80,159,90,160,571
2202,96,16,16,118,181,79,118,101,118,508
2203,96,16,16,229,317,80,229,94,230,547
2204,96,16,16,360,603,79,361,94,362,490
2205,96,16,16,117,174,80,117,91,117,494
2206,96,16,16,391,579,82,391,94,394,499
2207,96,16,16,126,198,80,126,91,126,496
2208,96,16,16,117,158,124,117,92,117,494
2209,96,16,16,206,337,80,206,93,207,490
2210,96,16,16,233,333,82,233,95,234,493
2211,96,16,16,123,178,80,123,95,123,498
2212,96,16,16,330,421,79,332,93,332,495
2213,96,16,16,328,411,79,329,95,330,508
2214,96,16,16,202,312,79,202,92,203,496
2215,96,16,16,391,628,80,391,94,394,493
2216,96,16,16,152,230,81,152,93,153,495
2217,96,16,16,367,505,80,368,94,369,504
2218,96,16,16,310,394,81,310,92,312,492
2219,96,16,16,121,177,79,121,92,121,506
2220,96,16,16,300,482,81,301,94,302,495
2221,96,16,16,228,371,81,229,95,229,494
2222,96,16,16,190,253,80,190,97,191,498
2223,96,16,16,214,300,79,214,92,215,499
2224,96,16,16,199,287,80,199,94,200,511
2225,96,16,16,366,485,80,366,93,368,497
2226,96,16,20,5071,6516,80,5075,97,5110,502
2227,96,16,20,216,319,80,217,92,217,1081
2228,96,16,20,5286,8299,85,5310,99,5327,533
2229,96,16,20,1054,1497,84,1055,173,1062,525
2230,96,16,20,2774,4222,87,2782,102,2795,592
2231,96,16,20,4468,6708,89,4474,101,4502,528
2232,96,16,20,2628,4175,86,2632,100,2648,532
2233,96,16,20,1045,1524,91,1046,101,1053,528
2234,96,16,20,3255,5066,87,3262,157,3280,534
2235,96,16,20,6314,9481,88,6329,104,6363,583
2236,96,16,20,4366,5705,89,4373,101,4400,516
2237,96,16,20,3215,4645,165,3241,101,3240,527
2238,96,16,20,1275,2131,86,1276,99,1284,530
2239,96,16,20,3501,4867,88,3518,101,3528,536
2240,96,16,20,3731,5796,83,3755,102,3760,592
2241,96,16,20,1161,1596,85,1162,96,1170,503
2242,96,16,20,1097,1414,82,1107,97,1105,493
2243,96,16,20,807,1081,82,807,94,813,618
2244,96,16,20,508,793,81,508,95,511,495
2245,96,16,20,4223,6681,81,4229,97,4255,494
2246,96,16,20,508,829,80,511,94,511,507
2247,96,16,20,1707,2664,83,1711,96,1720,501
2248,96,16,20,4971,7265,81,4978,95,5009,497
2249,96,16,20,630,973,81,631,95,634,495
2250,96,16,20,1828,2541,82,1830,93,1842,504
