InstanceID,M,N,B,OptimalMakespan,LS_MaxGroupSum,LS_Time(us),LPT_MaxGroupSum,LPT_Time(us),MULTIFIT_MaxGroupSum,MULTIFIT_Time(us),CGA_MaxGroupSum,CGA_Time(us)
1,2,2,4,2,2,8,2,2,2,14,2,5
2,2,2,4,14,14,1,14,1,14,9,14,2
3,2,2,4,13,13,1,13,1,13,10,13,2
4,2,2,4,15,15,1,15,1,15,9,15,2
5,2,2,4,14,14,1,14,1,14,9,14,2
6,2,2,8,90,90,1,90,1,90,9,90,2
7,2,2,8,231,231,1,231,1,231,9,231,2
8,2,2,8,82,82,1,82,1,82,9,82,2
9,2,2,8,115,115,1,115,1,115,17,115,2
10,2,2,8,42,42,1,42,1,42,10,42,2
11,2,2,16,34218,34218,1,34218,1,34218,9,34218,2
12,2,2,16,8695,8695,1,8695,1,8695,9,8695,2
13,2,2,16,30905,30905,1,30905,1,30905,9,30905,2
14,2,2,16,24183,24183,1,24183,1,24183,9,24183,2
15,2,2,16,37133,37133,1,37133,1,37133,9,37133,2
16,3,2,4,15,15,1,15,1,15,13,15,5
17,3,2,4,6,6,1,6,1,6,13,6,3
18,3,2,4,20,22,1,20,1,20,12,20,4
19,3,2,4,12,12,1,12,1,12,13,12,3
20,3,2,4,11,11,1,11,1,11,13,11,2
21,3,2,8,253,253,1,253,1,253,12,253,2
22,3,2,8,253,253,1,253,1,253,13,253,4
23,3,2,8,184,184,1,184,1,184,13,184,5
24,3,2,8,237,237,1,237,1,237,12,237,4
25,3,2,8,137,137,2,137,2,137,12,137,2
26,3,2,16,58587,58587,2,58587,2,58587,16,58587,3
27,3,2,16,58531,58531,3,58531,2,58531,22,58531,5
28,3,2,16,61427,61427,2,61427,1,61427,13,61427,5
29,3,2,16,58745,58745,2,58745,1,58745,13,58745,3
30,3,2,16,51729,66432,1,51729,3,51729,17,51729,7
31,4,2,4,15,15,2,15,2,15,15,15,5
32,4,2,4,17,21,2,17,2,17,15,17,5
33,4,2,4,20,25,2,20,2,20,15,20,5
34,4,2,4,15,15,3,15,3,15,26,15,7
35,4,2,4,21,23,2,21,2,21,16,21,6
36,4,2,8,406,406,2,406,2,406,15,406,5
37,4,2,8,220,262,2,220,3,220,20,220,6
38,4,2,8,266,274,2,266,2,266,16,266,6
39,4,2,8,368,422,2,368,3,368,18,368,6
40,4,2,8,340,354,2,340,2,340,15,340,5
41,4,2,16,54206,54206,2,54206,2,54206,16,54206,5
42,4,2,16,54053,60684,2,54053,2,54053,15,54053,6
43,4,2,16,91747,91747,2,91747,2,91747,15,91747,5
44,4,2,16,47520,58170,2,47520,2,47520,16,47520,6
45,4,2,16,102242,104386,2,102242,2,102242,15,102242,5
46,5,2,4,17,19,2,17,4,17,26,17,10
47,5,2,4,15,20,4,15,4,15,21,15,7
48,5,2,4,26,26,2,27,2,26,18,26,9
49,5,2,4,26,30,2,26,2,26,18,26,5
50,5,2,4,22,28,2,22,2,22,36,22,12
51,5,2,8,463,527,2,487,2,463,19,463,12
52,5,2,8,362,362,2,390,2,362,18,362,11
53,5,2,8,291,368,2,296,2,291,18,291,9
54,5,2,8,297,297,2,297,2,297,18,297,7
55,5,2,8,380,431,2,380,2,380,18,380,5
56,5,2,16,114946,119056,2,125513,2,114946,18,114946,11
57,5,2,16,76450,88347,2,76450,2,76450,18,76450,7
58,5,2,16,45552,46023,2,45617,2,45780,18,45552,9
59,5,2,16,109260,109260,2,109260,2,109260,18,109260,7
60,5,2,16,108202,125892,2,109967,2,108202,19,108202,9
61,6,2,4,27,28,3,28,2,28,20,27,13
62,6,2,4,25,27,2,25,3,25,20,25,9
63,6,2,4,27,28,2,29,2,27,20,27,13
64,6,2,4,21,21,2,21,3,21,21,21,9
65,6,2,4,27,27,2,27,2,28,20,27,10
66,6,2,8,349,349,2,349,2,363,20,349,10
67,6,2,8,460,460,2,460,3,481,20,460,14
68,6,2,8,518,537,2,518,2,539,20,518,13
69,6,2,8,286,309,2,286,3,286,20,286,6
70,6,2,8,349,398,3,358,2,349,20,349,10
71,6,2,16,54677,59033,3,54677,3,54677,21,54677,8
72,6,2,16,79655,85199,2,79655,2,79655,20,79655,5
73,6,2,16,99780,105836,2,101490,2,100710,20,99780,12
74,6,2,16,57975,63356,2,57975,2,57975,20,57975,8
75,6,2,16,131820,146820,2,134153,3,132094,20,131820,14
76,7,2,4,32,33,3,33,3,32,22,32,18
77,7,2,4,29,30,3,30,3,29,22,29,19
78,7,2,4,29,32,3,29,3,29,23,29,16
79,7,2,4,32,34,3,32,3,32,22,32,15
80,7,2,4,31,31,4,32,4,31,23,31,23
81,7,2,8,412,426,3,421,3,426,23,412,23
82,7,2,8,512,556,5,514,3,540,23,512,15
83,7,2,8,355,421,3,355,3,356,23,355,9
84,7,2,8,328,328,4,328,4,328,31,328,13
85,7,2,8,389,410,3,410,3,389,23,389,15
86,7,2,16,79099,79908,5,79752,4,79908,32,79099,20
87,7,2,16,77632,79507,4,77632,5,79626,29,77632,11
88,7,2,16,94520,98863,4,95533,5,94520,32,94520,18
89,7,2,16,56407,58234,3,57371,3,56407,24,56407,12
90,7,2,16,93361,102875,3,93361,3,94327,23,93361,11
91,8,2,4,26,26,5,26,5,26,34,26,18
92,8,2,4,28,28,3,28,3,28,25,28,22
93,8,2,4,40,40,3,40,3,40,24,40,25
94,8,2,4,36,42,3,37,3,36,25,36,29
95,8,2,4,27,27,3,27,3,27,24,27,18
96,8,2,8,481,539,3,484,3,483,25,481,21
97,8,2,8,664,721,3,672,3,664,24,664,41
98,8,2,8,841,888,3,851,3,864,24,841,37
99,8,2,8,270,276,3,277,3,273,25,270,18
100,8,2,8,425,461,3,425,3,428,24,425,18
101,8,2,16,97219,108285,3,97219,3,106007,25,97219,14
102,8,2,16,177312,178899,3,182572,3,178312,25,177312,36
103,8,2,16,175822,190912,3,175822,3,177461,25,175822,27
104,8,2,16,191353,211486,3,191353,3,202034,24,191353,38
105,8,2,16,126553,129383,3,126553,3,127339,24,126553,18
106,9,2,4,33,36,3,33,3,33,27,33,18
107,9,2,4,40,40,3,40,4,40,26,40,36
108,9,2,4,31,33,3,31,3,31,27,31,25
109,9,2,4,41,43,3,41,4,41,27,41,25
110,9,2,4,37,41,3,37,4,37,26,37,34
111,9,2,8,500,560,3,502,4,501,27,500,24
112,9,2,8,533,587,3,533,3,535,27,533,27
113,9,2,8,688,756,3,694,4,692,26,688,71
114,9,2,8,641,664,4,643,3,641,28,641,36
115,9,2,8,569,604,3,573,3,578,27,569,35
116,9,2,16,161553,166630,3,170780,3,163260,27,161553,56
117,9,2,16,175945,195247,3,176255,4,180305,26,175945,47
118,9,2,16,127048,135089,3,128269,4,127048,27,127048,24
119,9,2,16,180186,184824,5,184824,6,181423,37,180186,55
120,9,2,16,139481,154377,3,142921,4,139481,27,139481,63
121,10,2,4,44,44,5,45,5,44,42,44,95
122,10,2,4,44,48,4,44,4,44,34,44,58
123,10,2,4,50,55,6,50,5,50,37,50,79
124,10,2,4,34,36,5,34,5,34,39,34,48
125,10,2,4,52,52,5,52,6,52,39,52,82
126,10,2,8,630,646,6,636,6,632,39,630,78
127,10,2,8,706,786,7,732,6,714,46,706,119
128,10,2,8,631,666,6,631,6,640,44,631,47
129,10,2,8,723,832,5,740,6,729,46,723,72
130,10,2,8,693,715,7,696,6,701,46,693,73
131,10,2,16,96151,97709,7,96304,7,96822,43,96151,28
132,10,2,16,210959,214169,6,212663,7,211803,39,210959,124
133,10,2,16,214401,217893,6,221098,5,214861,37,214401,135
134,10,2,16,169994,182054,6,179445,6,176484,43,169994,103
135,10,2,16,196117,216819,5,201640,4,196567,39,196117,147
136,11,2,4,41,44,7,41,6,41,42,41,64
137,11,2,4,41,44,7,41,7,41,33,41,87
138,11,2,4,36,42,7,37,7,36,48,36,85
139,11,2,4,43,45,4,43,4,43,31,43,44
140,11,2,4,55,56,4,55,4,55,31,55,127
141,11,2,8,599,601,7,600,7,605,42,599,74
142,11,2,8,743,797,6,749,6,753,41,743,110
143,11,2,8,358,456,5,358,4,362,32,358,41
144,11,2,8,658,689,3,660,4,664,31,658,94
145,11,2,8,901,938,4,914,4,926,39,901,150
146,11,2,16,158241,181966,4,158444,4,159163,30,158241,74
147,11,2,16,208768,213616,4,213307,4,209919,30,208768,109
148,11,2,16,154850,156497,4,156436,4,156744,30,154850,102
149,11,2,16,109344,110688,4,109885,4,110096,32,109344,68
150,11,2,16,230398,234075,4,232953,4,232055,30,230398,71
151,12,2,4,44,49,6,44,7,45,50,44,242
152,12,2,4,45,46,5,46,5,45,34,45,155
153,12,2,4,54,56,4,54,4,54,32,54,207
154,12,2,4,44,48,4,44,4,45,32,44,89
155,12,2,4,41,41,4,41,4,41,32,41,121
156,12,2,8,862,878,4,867,5,865,40,862,428
157,12,2,8,727,799,6,730,5,732,37,727,247
158,12,2,8,786,863,4,788,4,786,32,786,179
159,12,2,8,792,827,4,795,5,793,33,792,242
160,12,2,8,1006,1051,4,1006,5,1028,39,1006,145
161,12,2,16,261895,263794,4,267470,4,264585,32,261895,375
162,12,2,16,199804,204260,4,200139,5,201242,32,199804,152
163,12,2,16,187240,216074,4,187970,5,187478,31,187240,132
164,12,2,16,168113,183725,4,173727,5,172063,38,168113,185
165,12,2,16,247089,268648,4,249644,4,249158,32,247089,263
166,13,2,4,54,56,4,54,5,54,34,54,156
167,13,2,4,55,61,5,55,5,55,35,55,158
168,13,2,4,55,56,4,56,5,55,40,55,254
169,13,2,4,52,54,4,52,5,53,34,52,190
170,13,2,4,62,66,4,63,5,62,46,62,413
171,13,2,8,823,825,5,832,5,825,42,823,539
172,13,2,8,715,725,4,717,5,726,34,715,359
173,13,2,8,755,783,5,759,5,760,65,755,922
174,13,2,8,823,883,5,824,5,826,48,823,382
175,13,2,8,728,748,4,741,5,732,45,728,175
176,13,2,16,220918,224659,7,222250,7,223754,48,220918,555
177,13,2,16,221880,238377,5,222482,5,223108,36,221880,188
178,13,2,16,213823,220638,5,214031,8,216555,34,213823,350
179,13,2,16,189332,207994,4,189365,5,190234,34,189332,271
180,13,2,16,214427,235301,4,214952,5,215961,35,214427,276
181,14,2,4,43,47,5,43,5,43,76,43,192
182,14,2,4,52,55,5,52,5,52,35,52,726
183,14,2,4,52,55,6,52,5,52,48,52,655
184,14,2,4,55,58,5,55,6,55,37,55,900
185,14,2,4,65,67,5,65,5,65,37,65,594
186,14,2,8,904,940,5,908,5,905,36,904,441
187,14,2,8,827,914,5,827,6,832,83,827,922
188,14,2,8,998,1040,5,1002,5,999,37,998,314
189,14,2,8,873,881,5,880,5,879,36,873,526
190,14,2,8,910,957,5,915,5,916,36,910,379
191,14,2,16,197223,209284,5,197456,5,198581,36,197223,545
192,14,2,16,255358,257420,5,261809,5,260328,118,255358,1363
193,14,2,16,217287,239906,5,217308,6,218017,37,217287,595
194,14,2,16,225887,245952,5,227791,6,227548,36,225887,438
195,14,2,16,265185,278389,4,267185,6,265283,36,265185,1060
196,15,2,4,63,63,5,63,6,64,39,63,1286
197,15,2,4,48,49,6,48,6,48,47,48,836
198,15,2,4,55,62,5,55,5,55,38,55,689
199,15,2,4,77,78,5,78,6,77,456,77,2216
200,15,2,4,68,72,7,68,245,68,47,68,1402
201,15,2,8,1054,1100,5,1067,5,1056,42,1054,1932
202,15,2,8,824,931,5,835,6,825,40,824,1187
203,15,2,8,882,901,5,897,5,888,38,882,1634
204,15,2,8,1144,1242,6,1168,6,1149,39,1144,2264
205,15,2,8,815,848,5,831,5,819,39,815,1234
206,15,2,16,161105,164315,5,161244,6,162326,40,161105,462
207,15,2,16,264499,270143,5,269138,5,267703,37,264499,1859
208,15,2,16,241619,256493,5,246635,5,241826,38,241619,1491
209,15,2,16,252344,256792,5,252445,5,254272,38,252344,1609
210,15,2,16,290004,301803,6,290864,6,290535,44,290004,1707
211,16,2,4,66,72,6,66,6,67,43,66,3522
212,16,2,4,53,54,5,53,6,53,41,53,735
213,16,2,4,55,56,5,55,6,55,40,55,1519
214,16,2,4,55,58,7,55,6,55,50,55,1202
215,16,2,4,66,67,5,66,6,66,40,66,1041
216,16,2,8,1082,1134,6,1087,6,1086,41,1082,1280
217,16,2,8,930,940,5,930,6,935,43,930,800
218,16,2,8,1080,1103,5,1085,5,1088,40,1080,2804
219,16,2,8,1023,1034,6,1030,8,1034,65,1023,1382
220,16,2,8,1089,1093,10,1103,9,1102,52,1089,1701
221,16,2,16,287092,289636,6,290930,6,289316,41,287092,1770
222,16,2,16,286937,292362,5,287705,6,290478,50,286937,1904
223,16,2,16,262704,266393,7,263040,6,263956,43,262704,1699
224,16,2,16,197330,201274,7,197395,6,197567,45,197330,1149
225,16,2,16,268310,274950,7,268527,6,269948,44,268310,732
226,17,2,4,52,54,6,52,7,52,42,52,1013
227,17,2,4,57,57,6,57,6,57,52,57,4324
228,17,2,4,72,74,6,72,7,72,43,72,886
229,17,2,4,71,71,5,71,6,71,42,71,4695
230,17,2,4,77,80,7,77,7,77,45,77,1516
231,17,2,8,1081,1137,5,1085,6,1088,51,1081,2151
232,17,2,8,1532,1556,6,1574,7,1542,44,1532,12212
233,17,2,8,877,893,9,879,7,880,48,877,2315
234,17,2,8,1087,1158,6,1091,7,1102,48,1087,1477
235,17,2,8,984,1009,8,997,10,989,54,984,5039
236,17,2,16,287150,299321,6,288064,7,291623,44,287150,4881
237,17,2,16,281128,295486,6,281408,7,281307,43,281128,3274
238,17,2,16,325081,327787,7,326759,7,326453,44,325081,4578
239,17,2,16,239283,251570,8,240534,7,240805,47,239283,1268
240,17,2,16,326883,338144,5,327266,6,327755,42,326883,3370
241,18,2,4,77,81,6,78,7,77,44,77,8173
242,18,2,4,77,82,8,77,7,77,49,77,5019
243,18,2,4,51,55,6,51,7,51,45,51,3878
244,18,2,4,85,89,7,85,7,86,45,85,5996
245,18,2,4,60,61,12,60,10,60,64,60,6526
246,18,2,8,1286,1357,8,1299,8,1286,48,1286,11337
247,18,2,8,981,1005,8,982,8,988,49,981,2576
248,18,2,8,1316,1330,7,1327,8,1319,46,1316,5144
249,18,2,8,1018,1087,7,1022,7,1021,46,1018,3529
250,18,2,8,1091,1091,6,1095,7,1093,48,1091,4759
251,18,2,16,232238,260789,9,232712,8,232891,50,232238,2716
252,18,2,16,406490,413644,7,407210,7,407804,46,406490,6084
253,18,2,16,377363,390931,7,378576,7,379824,45,377363,5766
254,18,2,16,298514,299276,9,300020,10,299991,56,298514,4872
255,18,2,16,289327,293459,8,289477,7,290657,47,289327,5231
256,19,2,4,86,88,6,86,7,86,46,86,10476
257,19,2,4,74,77,8,74,7,74,49,74,21469
258,19,2,4,80,83,8,80,8,80,51,80,17038
259,19,2,4,72,75,9,73,8,73,50,72,7593
260,19,2,4,72,72,6,72,7,72,59,72,9536
261,19,2,8,1206,1252,8,1206,8,1214,50,1206,7197
262,19,2,8,1406,1425,7,1417,7,1427,48,1406,16052
263,19,2,8,1264,1280,8,1274,8,1266,50,1264,14909
264,19,2,8,1183,1190,8,1193,7,1185,48,1183,9749
265,19,2,8,1282,1391,7,1283,7,1290,50,1282,5773
266,19,2,16,246228,265575,7,246360,8,247820,47,246228,5359
267,19,2,16,301669,316593,6,302702,7,301877,47,301669,15368
268,19,2,16,248647,260969,9,250291,8,249770,49,248647,11874
269,19,2,16,373233,390790,8,379056,8,375675,48,373233,25597
270,19,2,16,339383,343600,9,342279,8,341619,50,339383,8214
271,20,2,4,74,78,7,74,8,74,56,74,11579
272,20,2,4,87,88,8,87,8,87,51,87,10349
273,20,2,4,76,77,8,76,8,76,48,76,4463
274,20,2,4,75,75,7,75,8,75,48,75,9192
275,20,2,4,81,88,7,81,7,81,48,81,22725
276,20,2,8,1241,1292,9,1242,8,1248,59,1241,8084
277,20,2,8,1375,1485,7,1375,8,1379,47,1375,24785
278,20,2,8,1138,1184,8,1138,7,1142,50,1138,21594
279,20,2,8,1010,1025,9,1023,8,1015,51,1010,22672
280,20,2,8,1149,1179,8,1149,8,1153,51,1149,20209
281,20,2,16,378165,404052,8,378712,8,380600,50,378165,21351
282,20,2,16,251940,254771,9,253425,8,252393,51,251940,32771
283,20,2,16,286726,311229,9,286737,9,287044,52,286726,16150
284,20,2,16,403351,415317,8,406871,8,406248,52,403351,39678
285,20,2,16,331196,345177,9,332267,8,333558,52,331196,15194
286,3,3,4,9,9,3,9,2,9,16,9,4
287,3,3,4,13,13,2,13,2,13,15,13,3
288,3,3,4,13,13,2,13,2,13,14,13,3
289,3,3,4,12,12,2,12,2,12,14,12,3
290,3,3,4,11,11,2,11,2,11,13,11,3
291,3,3,8,230,230,2,230,2,230,14,230,3
292,3,3,8,158,158,2,158,2,158,14,158,3
293,3,3,8,201,201,2,201,2,201,12,201,3
294,3,3,8,169,169,2,169,2,169,14,169,3
295,3,3,8,221,221,2,221,2,221,13,221,3
296,3,3,16,40717,40717,2,40717,2,40717,12,40717,3
297,3,3,16,59551,59551,2,59551,2,59551,13,59551,3
298,3,3,16,53739,53739,2,53739,2,53739,12,53739,3
299,3,3,16,60091,60091,2,60091,2,60091,14,60091,3
300,3,3,16,65531,65531,2,65531,2,65531,15,65531,3
301,4,3,4,15,15,2,15,2,15,18,15,3
302,4,3,4,9,9,2,9,2,9,18,9,3
303,4,3,4,15,15,2,15,2,15,18,15,3
304,4,3,4,11,12,2,11,2,11,17,11,3
305,4,3,4,11,11,2,11,2,11,18,11,3
306,4,3,8,427,440,4,427,3,427,24,427,10
307,4,3,8,212,212,3,212,2,212,19,212,4
308,4,3,8,292,292,3,292,4,292,26,292,14
309,4,3,8,197,197,3,197,2,197,18,197,4
310,4,3,8,199,265,2,199,2,199,17,199,7
311,4,3,16,65732,92717,2,65732,2,65732,18,65732,7
312,4,3,16,55987,55987,2,55987,2,55987,18,55987,3
313,4,3,16,45557,48028,2,45557,2,45557,18,45557,3
314,4,3,16,78945,78945,2,78945,2,78945,17,78945,7
315,4,3,16,64071,64071,2,64071,2,64071,18,64071,3
316,5,3,4,15,17,2,15,2,15,20,15,7
317,5,3,4,19,23,3,19,2,19,19,19,8
318,5,3,4,23,24,2,23,3,23,19,23,8
319,5,3,4,15,15,3,15,3,15,19,15,7
320,5,3,4,13,15,4,13,4,13,24,13,5
321,5,3,8,361,465,3,361,3,361,20,361,7
322,5,3,8,209,221,2,209,3,209,21,209,4
323,5,3,8,220,252,3,220,3,220,21,220,4
324,5,3,8,203,251,3,203,2,203,21,203,4
325,5,3,8,234,234,2,234,3,234,19,234,8
326,5,3,16,38465,39990,3,38465,3,38465,21,38465,4
327,5,3,16,79065,79812,4,79065,4,79065,27,79065,11
328,5,3,16,57989,57989,3,57989,3,57989,20,57989,8
329,5,3,16,51165,51165,3,51165,3,51165,20,51165,4
330,5,3,16,63103,78056,2,63103,3,63103,20,63103,4
331,6,3,4,24,25,3,24,3,24,22,24,9
332,6,3,4,12,12,3,12,3,12,22,12,8
333,6,3,4,12,15,3,12,3,12,22,12,8
334,6,3,4,13,14,3,13,3,13,20,13,4
335,6,3,4,15,15,3,15,3,15,22,15,9
336,6,3,8,309,340,3,309,3,309,23,309,9
337,6,3,8,329,428,3,329,3,329,23,329,8
338,6,3,8,222,231,3,222,3,222,23,222,4
339,6,3,8,356,365,3,356,3,356,22,356,12
340,6,3,8,395,444,3,395,3,395,24,395,9
341,6,3,16,80760,91030,3,80760,3,80760,23,80760,8
342,6,3,16,83013,95726,3,83013,3,83013,22,83013,15
343,6,3,16,78864,101623,3,78909,3,78864,22,78864,13
344,6,3,16,69210,73757,3,69210,3,69210,22,69210,8
345,6,3,16,63954,82033,3,63954,3,63954,24,63954,9
346,7,3,4,16,23,3,16,4,16,26,16,9
347,7,3,4,17,21,3,17,3,17,25,17,8
348,7,3,4,16,19,3,16,3,16,24,16,10
349,7,3,4,23,30,3,25,3,23,25,23,24
350,7,3,4,25,31,3,28,4,25,24,25,31
351,7,3,8,333,388,3,333,3,334,25,333,10
352,7,3,8,356,356,3,356,3,356,24,356,8
353,7,3,8,270,331,3,270,3,270,26,270,10
354,7,3,8,307,365,3,307,4,307,26,307,9
355,7,3,8,427,475,3,463,3,427,25,427,45
356,7,3,16,78267,90169,3,78267,3,78267,25,78267,12
357,7,3,16,64612,85964,3,64612,3,64612,26,64612,8
358,7,3,16,96870,104665,3,96870,3,96870,26,96870,8
359,7,3,16,75609,107533,3,75611,4,75611,26,75609,15
360,7,3,16,77815,97287,4,78535,3,77815,27,77815,18
361,8,3,4,22,25,4,23,4,22,28,22,21
362,8,3,4,31,34,4,33,4,31,27,31,64
363,8,3,4,24,28,4,25,4,24,28,24,16
364,8,3,4,24,26,4,25,4,24,27,24,27
365,8,3,4,16,23,4,16,4,16,27,16,14
366,8,3,8,320,326,4,320,4,320,28,320,13
367,8,3,8,315,366,3,317,4,315,29,315,17
368,8,3,8,310,370,4,321,4,310,29,310,24
369,8,3,8,358,426,4,358,4,359,28,358,10
370,8,3,8,257,281,4,257,4,257,28,257,11
371,8,3,16,72852,101568,4,72852,4,72852,28,72852,11
372,8,3,16,95304,110499,4,99535,4,95304,29,95304,16
373,8,3,16,93735,96853,4,95440,4,93901,28,93735,30
374,8,3,16,64376,77213,4,64376,4,64403,29,64376,5
375,8,3,16,99808,103221,4,100913,4,100915,28,99808,24
376,9,3,4,27,34,4,28,4,27,30,27,56
377,9,3,4,15,17,4,15,4,15,30,15,10
378,9,3,4,21,23,4,22,4,22,29,21,93
379,9,3,4,20,25,4,20,4,20,29,20,20
380,9,3,4,28,33,4,28,4,28,30,28,14
381,9,3,8,420,421,4,427,4,422,30,420,80
382,9,3,8,292,331,4,292,4,292,31,292,14
383,9,3,8,519,549,4,552,4,520,29,519,67
384,9,3,8,356,484,4,365,4,356,31,356,29
385,9,3,8,256,294,4,256,5,256,32,256,17
386,9,3,16,121635,125352,4,126831,4,122780,30,121635,68
387,9,3,16,131506,140475,4,131517,4,133330,31,131506,81
388,9,3,16,99692,106633,4,99692,4,99692,30,99692,16
389,9,3,16,58335,69360,4,58335,4,58383,31,58335,5
390,9,3,16,75212,98794,4,76498,4,75212,31,75212,18
391,10,3,4,28,29,4,28,5,28,32,28,98
392,10,3,4,22,23,4,22,5,22,33,22,12
393,10,3,4,20,21,4,20,5,20,32,20,19
394,10,3,4,25,29,4,26,4,26,32,25,94
395,10,3,4,27,35,4,28,5,28,32,27,47
396,10,3,8,475,477,4,481,5,484,32,475,59
397,10,3,8,511,594,4,521,5,529,32,511,81
398,10,3,8,363,415,4,373,5,365,32,363,55
399,10,3,8,533,580,4,557,5,534,33,533,70
400,10,3,8,409,489,4,424,5,411,33,409,89
401,10,3,16,110204,113932,4,111307,5,111613,33,110204,34
402,10,3,16,82452,101631,4,83732,5,82632,33,82452,31
403,10,3,16,133028,145414,4,136406,5,136406,32,133028,101
404,10,3,16,65430,76615,4,65612,5,66350,33,65430,30
405,10,3,16,123839,138787,4,129275,4,126040,33,123839,76
406,11,3,4,23,26,5,24,5,23,36,23,57
407,11,3,4,32,40,5,32,5,32,35,32,102
408,11,3,4,26,29,5,26,5,26,35,26,44
409,11,3,4,30,30,4,30,5,30,34,30,122
410,11,3,4,27,29,5,28,5,28,33,27,213
411,11,3,8,615,652,5,630,5,627,35,615,291
412,11,3,8,444,490,5,445,5,452,35,444,184
413,11,3,8,560,577,5,585,5,576,34,560,334
414,11,3,8,658,699,5,661,5,669,36,658,240
415,11,3,8,390,458,5,391,5,414,35,390,90
416,11,3,16,147765,178890,5,149405,5,148435,36,147765,137
417,11,3,16,109230,126359,5,113319,5,109685,35,109230,133
418,11,3,16,127712,156881,4,140176,5,127712,35,127712,78
419,11,3,16,75928,88950,5,77178,5,75928,35,75928,45
420,11,3,16,104149,118789,5,104691,5,104870,35,104149,130
421,12,3,4,33,35,5,33,5,33,37,33,354
422,12,3,4,34,38,9,35,9,34,46,34,111
423,12,3,4,35,36,5,36,6,35,37,35,190
424,12,3,4,32,36,5,32,6,33,37,32,235
425,12,3,4,31,33,5,31,5,31,36,31,198
426,12,3,8,514,574,5,524,5,516,37,514,532
427,12,3,8,450,539,5,453,5,456,38,450,168
428,12,3,8,432,491,5,432,5,438,37,432,108
429,12,3,8,476,555,5,489,5,486,37,476,479
430,12,3,8,672,701,5,686,5,677,38,672,186
431,12,3,16,159351,188109,5,159694,5,160831,36,159351,473
432,12,3,16,110817,128998,5,111316,5,110962,37,110817,243
433,12,3,16,109180,115216,5,110948,5,113097,36,109180,521
434,12,3,16,134628,134887,5,137230,6,135688,37,134628,250
435,12,3,16,139372,170036,5,144324,6,139425,37,139372,107
436,13,3,4,26,28,5,26,6,26,39,26,411
437,13,3,4,37,39,5,37,6,37,39,37,321
438,13,3,4,32,35,6,32,6,32,40,32,441
439,13,3,4,30,31,5,30,6,30,38,30,462
440,13,3,4,40,42,6,41,6,40,40,40,429
441,13,3,8,582,662,5,614,6,590,38,582,1865
442,13,3,8,612,637,6,649,6,634,41,612,2763
443,13,3,8,571,632,6,590,6,586,40,571,1426
444,13,3,8,668,794,6,689,6,681,39,668,1251
445,13,3,8,648,700,6,698,6,657,41,648,959
446,13,3,16,141646,154210,5,143320,6,143739,38,141646,656
447,13,3,16,129414,142242,5,130620,6,129414,39,129414,500
448,13,3,16,130906,158651,6,131481,6,132210,40,130906,279
449,13,3,16,162747,191169,5,170593,6,164369,39,162747,610
450,13,3,16,145955,168368,5,148293,6,145976,39,145955,1184
451,14,3,4,49,52,6,50,6,49,41,49,2331
452,14,3,4,46,53,9,47,9,47,57,46,1651
453,14,3,4,39,40,8,39,9,39,67,39,1488
454,14,3,4,43,51,6,44,7,43,42,43,2827
455,14,3,4,45,47,6,46,6,46,42,45,675
456,14,3,8,653,680,6,667,6,661,41,653,2923
457,14,3,8,766,824,6,794,6,775,43,766,6187
458,14,3,8,687,779,10,696,10,699,63,687,2394
459,14,3,8,746,787,7,760,7,757,45,746,4763
460,14,3,8,427,452,8,437,7,430,47,427,331
461,14,3,16,147261,154849,6,153497,6,149752,41,147261,2765
462,14,3,16,174597,201356,6,178101,7,176118,43,174597,2842
463,14,3,16,148407,157649,6,149598,6,148729,42,148407,1741
464,14,3,16,121261,152966,6,121954,7,121968,44,121261,257
465,14,3,16,139629,151390,6,147581,6,140696,45,139629,4475
466,15,3,4,43,43,7,43,7,43,46,43,4270
467,15,3,4,34,37,7,34,7,34,47,34,1257
468,15,3,4,48,50,6,49,7,48,43,48,2057
469,15,3,4,48,52,6,48,7,48,43,48,8302
470,15,3,4,39,47,8,39,7,39,46,39,1320
471,15,3,8,636,770,7,653,7,638,46,636,2869
472,15,3,8,768,836,7,782,7,777,44,768,11829
473,15,3,8,682,715,7,684,7,685,46,682,2099
474,15,3,8,659,689,7,669,7,663,45,659,4713
475,15,3,8,518,610,7,527,7,522,46,518,580
476,15,3,16,110472,115704,6,114527,7,111394,53,110472,4016
477,15,3,16,225339,243943,7,232327,7,228286,48,225339,12967
478,15,3,16,154752,157744,8,156821,7,157083,46,154752,7450
479,15,3,16,182021,204813,7,184493,7,183759,46,182021,3036
480,15,3,16,153613,170840,6,154512,14,155549,44,153613,4009
481,16,3,4,53,56,9,53,7,53,49,53,2234
482,16,3,4,47,49,7,48,7,47,46,47,11336
483,16,3,4,46,49,8,46,7,46,47,46,13401
484,16,3,4,32,33,8,32,7,32,49,32,7244
485,16,3,4,52,57,9,54,7,52,50,52,35102
486,16,3,8,591,650,9,600,7,594,49,591,12116
487,16,3,8,707,746,8,740,8,717,48,707,38298
488,16,3,8,535,669,9,543,8,541,50,535,5033
489,16,3,8,665,753,7,673,7,672,47,665,15843
490,16,3,8,686,736,8,688,8,690,49,686,2374
491,16,3,16,192711,201029,11,198725,11,196471,56,192711,13178
492,16,3,16,205910,223590,9,211714,8,207591,50,205910,38571
493,16,3,16,222949,231080,31,225037,12,223258,95,222949,26427
494,16,3,16,197555,209746,9,200556,8,198065,50,197555,14291
495,16,3,16,230871,253567,8,232218,7,233588,48,230871,29413
496,17,3,4,45,52,9,45,8,45,52,45,5491
497,17,3,4,51,59,9,53,8,51,61,51,16690
498,17,3,4,48,51,10,48,8,48,52,48,16385
499,17,3,4,43,45,9,44,8,43,51,43,15903
500,17,3,4,39,41,9,40,8,39,52,39,48664
501,17,3,8,707,717,9,713,9,716,52,707,35015
502,17,3,8,590,747,10,591,9,594,52,590,2196
503,17,3,8,763,826,8,767,8,770,51,763,42508
504,17,3,8,756,804,9,777,8,777,52,756,6666
505,17,3,8,719,821,7,727,8,728,49,719,40708
506,17,3,16,169124,180101,9,170362,9,170072,54,169124,4243
507,17,3,16,191951,202836,7,192596,8,193212,56,191951,16127
508,17,3,16,195522,211930,9,196659,8,196758,51,195522,9316
509,17,3,16,156072,169653,8,158996,8,159529,49,156072,23048
510,17,3,16,149978,156090,10,152057,8,151921,52,149978,4440
511,18,3,4,54,60,7,55,8,54,51,54,16612
512,18,3,4,51,53,10,52,9,51,54,51,61314
513,18,3,4,50,57,10,50,8,50,54,50,137240
514,18,3,4,48,49,10,48,9,48,55,48,44239
515,18,3,4,46,49,9,46,9,47,53,46,25232
516,18,3,8,712,723,10,722,9,720,55,712,120095
517,18,3,8,644,733,15,647,14,646,61,644,46856
518,18,3,8,751,824,14,755,13,754,74,751,33317
519,18,3,8,520,616,10,530,9,523,55,520,11043
520,18,3,8,745,807,9,746,9,749,53,745,22676
521,18,3,16,185613,206236,9,192725,11,187622,55,185613,112764
522,18,3,16,231023,242325,10,234709,10,231956,59,231023,103998
523,18,3,16,240988,252077,10,243756,9,242829,55,240988,112747
524,18,3,16,216889,231251,10,219808,9,219402,56,216889,201465
525,18,3,16,236010,268712,10,238575,9,239400,56,236010,90795
526,19,3,4,43,44,10,43,9,43,57,43,127713
527,19,3,4,41,41,10,41,16,41,56,41,42568
528,19,3,4,50,51,9,50,9,50,54,50,365132
529,19,3,4,43,45,10,43,9,43,56,43,57438
530,19,3,4,47,48,10,47,9,47,58,47,139748
531,19,3,8,638,712,10,641,9,643,58,638,180706
532,19,3,8,887,989,10,894,9,899,58,887,53444
533,19,3,8,701,768,9,705,9,705,56,701,213135
534,19,3,8,958,1008,10,963,9,964,58,958,616927
535,19,3,8,833,930,11,837,9,835,57,833,132438
536,19,3,16,266198,283561,10,269927,9,268728,64,266198,963136
537,19,3,16,234716,259369,10,235458,9,237741,57,234716,541856
538,19,3,16,228974,231488,10,234899,9,230611,58,228974,32841
539,19,3,16,228465,252299,10,230016,9,229044,57,228465,315938
540,19,3,16,217852,253024,10,222693,9,221079,59,217852,103038
541,20,3,4,58,60,10,59,10,58,69,58,1029987
542,20,3,4,58,60,10,60,10,59,59,58,559518
543,20,3,4,61,62,10,62,9,61,59,61,271534
544,20,3,4,50,52,10,50,9,50,59,50,681403
545,20,3,4,67,71,11,68,9,67,60,67,275331
546,20,3,8,875,943,10,877,10,879,60,875,395579
547,20,3,8,876,1006,10,880,9,880,59,876,256668
548,20,3,8,763,824,11,765,10,764,61,763,232571
549,20,3,8,777,830,10,795,10,781,59,777,644344
550,20,3,8,660,729,10,672,10,669,60,660,959430
551,20,3,16,202301,217554,10,203087,10,203857,67,202301,102553
552,20,3,16,210984,232704,11,212470,10,212126,88,210984,369484
553,20,3,16,228035,251704,13,233084,13,229469,74,228035,376928
554,20,3,16,230958,237687,11,234176,10,232179,59,230958,685619
555,20,3,16,223453,255785,11,223697,10,224323,64,223453,191465
556,4,4,4,9,9,6,9,3,9,20,9,5
557,4,4,4,13,13,2,13,2,13,18,13,4
558,4,4,4,8,8,2,8,2,8,17,8,4
559,4,4,4,10,10,2,10,2,10,18,10,4
560,4,4,4,15,15,2,15,2,15,18,15,4
561,4,4,8,146,146,2,146,2,146,18,146,4
562,4,4,8,181,181,2,181,2,181,18,181,4
563,4,4,8,244,244,2,244,2,244,16,244,4
564,4,4,8,224,224,2,224,2,224,17,224,4
565,4,4,8,254,254,3,254,2,254,18,254,4
566,4,4,16,45745,45745,3,45745,3,45745,18,45745,4
567,4,4,16,65277,65277,2,65277,3,65277,18,65277,4
568,4,4,16,16290,16290,2,16290,2,16290,16,16290,4
569,4,4,16,56695,56695,2,56695,2,56695,15,56695,4
570,4,4,16,35224,35224,2,35224,2,35224,18,35224,4
571,5,4,4,13,13,3,13,3,13,21,13,4
572,5,4,4,14,14,3,14,3,14,21,14,4
573,5,4,4,14,19,3,14,3,14,22,14,4
574,5,4,4,15,18,3,15,3,15,21,15,4
575,5,4,4,15,15,3,15,3,15,18,15,4
576,5,4,8,324,375,3,324,3,324,22,324,10
577,5,4,8,220,220,3,220,3,220,21,220,5
578,5,4,8,178,178,3,178,3,178,18,178,4
579,5,4,8,250,272,3,250,3,250,20,250,4
580,5,4,8,250,250,3,250,3,250,22,250,4
581,5,4,16,57948,57948,3,57948,3,57948,21,57948,4
582,5,4,16,46477,46477,3,46477,3,46477,20,46477,4
583,5,4,16,63932,80308,3,63932,3,63932,21,63932,4
584,5,4,16,65324,65324,3,65324,3,65324,21,65324,4
585,5,4,16,63676,63676,3,63676,3,63676,21,63676,4
586,6,4,4,14,14,3,14,3,14,24,14,5
587,6,4,4,14,15,3,14,3,14,24,14,5
588,6,4,4,13,14,3,13,3,13,23,13,10
589,6,4,4,14,14,3,14,3,14,25,14,5
590,6,4,4,13,17,3,13,3,13,24,13,4
591,6,4,8,337,337,3,337,3,337,24,337,11
592,6,4,8,230,230,3,230,3,230,24,230,10
593,6,4,8,200,247,3,200,3,200,24,200,5
594,6,4,8,185,237,3,185,3,185,24,185,5
595,6,4,8,255,266,3,255,3,255,25,255,5
596,6,4,16,63081,63081,3,63081,3,63197,23,63081,10
597,6,4,16,76100,93867,3,76100,3,76100,24,76100,10
598,6,4,16,78993,92677,3,78993,3,78993,25,78993,10
599,6,4,16,60955,82350,3,60955,3,60955,25,60955,5
600,6,4,16,48295,49377,3,48295,3,48295,24,48295,5
601,7,4,4,14,21,4,14,4,14,28,14,5
602,7,4,4,15,20,4,15,4,15,27,15,12
603,7,4,4,14,19,4,14,4,14,27,14,5
604,7,4,4,20,23,4,20,3,20,27,20,12
605,7,4,4,17,19,3,17,4,17,26,17,16
606,7,4,8,249,278,4,249,4,249,27,249,16
607,7,4,8,318,356,4,318,4,318,28,318,12
608,7,4,8,242,306,4,242,4,242,27,242,5
609,7,4,8,237,271,3,237,4,237,26,237,21
610,7,4,8,280,348,4,280,4,280,27,280,14
611,7,4,16,65769,76447,3,65769,4,65769,26,65769,11
612,7,4,16,65148,65148,4,65148,4,65148,27,65148,12
613,7,4,16,57054,65382,4,57054,4,57054,27,57054,12
614,7,4,16,83825,98883,3,83825,4,83825,27,83825,11
615,7,4,16,59172,76330,4,59172,4,59172,28,59172,5
616,8,4,4,18,22,4,18,4,18,30,18,11
617,8,4,4,21,21,4,21,4,21,29,21,12
618,8,4,4,18,20,4,18,4,18,30,18,10
619,8,4,4,14,17,4,14,4,14,30,14,5
620,8,4,4,12,14,4,12,4,12,30,12,12
621,8,4,8,266,312,4,266,4,266,30,266,11
622,8,4,8,295,436,4,296,4,295,30,295,28
623,8,4,8,292,355,4,292,4,292,30,292,15
624,8,4,8,251,286,4,251,4,251,30,251,11
625,8,4,8,321,425,4,321,4,321,30,321,11
626,8,4,16,85027,121798,4,85027,4,85098,30,85027,14
627,8,4,16,79950,98438,4,79950,4,79951,30,79950,17
628,8,4,16,69793,75262,4,69793,4,69793,30,69793,11
629,8,4,16,110870,120238,4,110870,4,110870,30,110870,11
630,8,4,16,85751,90555,4,85751,4,85751,30,85751,21
631,9,4,4,25,27,4,25,5,25,31,25,12
632,9,4,4,16,19,4,16,5,16,33,16,12
633,9,4,4,15,16,4,16,5,15,32,15,20
634,9,4,4,17,23,5,18,5,17,32,17,24
635,9,4,4,18,26,4,18,4,18,32,18,13
636,9,4,8,268,333,4,275,4,268,32,268,32
637,9,4,8,369,384,4,369,5,369,37,369,12
638,9,4,8,244,275,4,262,5,244,32,244,33
639,9,4,8,256,285,4,256,4,257,33,256,20
640,9,4,8,330,451,4,330,5,330,32,330,25
641,9,4,16,103585,111952,4,113354,5,103585,32,103585,91
642,9,4,16,75671,89638,4,75671,5,75671,33,75671,13
643,9,4,16,80629,101307,4,80629,4,80629,32,80629,11
644,9,4,16,70603,86297,4,70603,5,70604,33,70603,13
645,9,4,16,51784,57170,4,51784,5,51784,33,51784,14
646,10,4,4,18,19,5,18,5,18,35,18,13
647,10,4,4,20,24,5,20,5,20,35,20,12
648,10,4,4,25,26,5,26,5,25,35,25,36
649,10,4,4,24,28,5,24,5,24,42,24,11
650,10,4,4,23,29,5,23,5,23,35,23,11
651,10,4,8,290,309,5,304,5,290,34,290,29
652,10,4,8,291,313,5,291,5,291,35,291,12
653,10,4,8,226,279,5,228,5,226,35,226,27
654,10,4,8,413,514,5,458,5,413,35,413,86
655,10,4,8,417,443,5,441,5,418,35,417,114
656,10,4,16,112049,136413,5,117803,5,113476,47,112049,186
657,10,4,16,77819,98478,5,77819,5,77819,37,77819,16
658,10,4,16,74323,78543,5,74583,7,74583,37,74323,28
659,10,4,16,96146,126543,5,98075,5,98941,35,96146,85
660,10,4,16,96527,122011,5,96527,5,96527,37,96527,12
661,11,4,4,20,23,5,21,6,20,38,20,38
662,11,4,4,26,29,5,27,5,27,42,26,464
663,11,4,4,23,28,5,25,6,24,38,23,264
664,11,4,4,18,21,5,18,5,18,38,18,12
665,11,4,4,15,21,5,15,5,15,38,15,14
666,11,4,8,329,388,5,330,6,329,38,329,29
667,11,4,8,398,398,5,398,6,398,37,398,12
668,11,4,8,361,392,5,361,6,362,38,361,12
669,11,4,8,361,421,5,361,6,364,37,361,62
670,11,4,8,386,496,6,413,6,401,38,386,434
671,11,4,16,98817,126853,6,99706,5,100094,40,98817,106
672,11,4,16,117804,126949,5,121785,5,121785,37,117804,62
673,11,4,16,94999,119575,5,98193,5,97336,37,94999,242
674,11,4,16,99715,104979,5,100825,5,100825,38,99715,163
675,11,4,16,80611,109076,5,83419,5,80611,38,80611,26
676,12,4,4,24,27,5,26,6,24,40,24,237
677,12,4,4,23,24,5,24,6,24,40,23,29
678,12,4,4,26,31,6,29,6,26,39,26,319
679,12,4,4,25,28,5,26,6,25,39,25,316
680,12,4,4,23,27,6,24,6,23,40,23,63
681,12,4,8,330,372,5,340,6,331,41,330,149
682,12,4,8,319,369,5,326,6,326,40,319,175
683,12,4,8,440,480,5,444,6,446,40,440,153
684,12,4,8,395,490,5,401,9,401,54,395,64
685,12,4,8,441,558,6,472,6,442,40,441,158
686,12,4,16,119074,129605,6,119074,6,119074,41,119074,1800
687,12,4,16,93975,114474,6,95133,6,95100,41,93975,393
688,12,4,16,112925,124917,5,114976,6,114624,39,112925,1163
689,12,4,16,81287,90461,6,83977,6,84772,43,81287,185
690,12,4,16,90873,116567,5,91382,6,90873,40,90873,37
691,13,4,4,28,32,6,29,6,29,41,28,242
692,13,4,4,27,31,6,27,6,27,43,27,388
693,13,4,4,28,29,6,28,9,29,44,28,808
694,13,4,4,24,30,6,25,6,25,42,24,119
695,13,4,4,29,34,6,29,6,29,42,29,204
696,13,4,8,430,493,6,457,6,440,42,430,136
697,13,4,8,417,454,6,417,6,418,43,417,13
698,13,4,8,319,417,6,326,6,319,43,319,186
699,13,4,8,445,524,5,473,6,465,42,445,2513
700,13,4,8,585,647,6,604,7,599,43,585,661
701,13,4,16,85813,114377,6,88898,6,89028,43,85813,184
702,13,4,16,110278,125752,6,116148,6,114397,42,110278,2287
703,13,4,16,105331,122549,6,108126,6,106526,43,105331,1105
704,13,4,16,112740,125731,6,114195,6,114513,43,112740,755
705,13,4,16,109611,129525,6,110755,6,110127,43,109611,956
706,14,4,4,33,36,6,33,7,33,45,33,1987
707,14,4,4,36,42,6,39,7,37,45,36,5078
708,14,4,4,26,29,7,27,7,27,46,26,305
709,14,4,4,29,31,6,31,6,30,44,29,3999
710,14,4,4,29,34,7,30,7,29,45,29,1620
711,14,4,8,387,472,7,399,7,391,45,387,1739
712,14,4,8,450,530,6,468,7,461,45,450,2802
713,14,4,8,574,670,6,592,7,579,46,574,1729
714,14,4,8,464,536,6,496,7,469,45,464,466
715,14,4,8,346,433,6,349,7,346,46,346,97
716,14,4,16,115448,128711,6,119210,7,116194,46,115448,755
717,14,4,16,119814,142576,6,121520,7,122154,46,119814,1431
718,14,4,16,116449,145268,6,119508,7,118775,45,116449,951
719,14,4,16,140741,158109,6,144305,7,142696,44,140741,3126
720,14,4,16,136167,156207,8,146344,7,138931,65,136167,11855
721,15,4,4,32,38,9,33,7,33,52,32,1740
722,15,4,4,35,37,7,35,7,35,48,35,1262
723,15,4,4,33,41,6,34,7,33,47,33,3229
724,15,4,4,34,36,7,34,7,34,48,34,172
725,15,4,4,28,30,6,29,7,29,46,28,2711
726,15,4,8,496,620,7,502,7,497,49,496,801
727,15,4,8,474,508,6,500,7,486,47,474,13174
728,15,4,8,567,646,9,608,7,570,50,567,16645
729,15,4,8,502,519,9,503,8,503,53,502,2076
730,15,4,8,466,503,7,470,7,472,49,466,6337
731,15,4,16,96108,115747,7,99765,7,96668,50,96108,1475
732,15,4,16,113241,138946,7,116661,7,115826,47,113241,10461
733,15,4,16,116215,144341,9,120508,8,117515,63,116215,2720
734,15,4,16,120527,146657,8,124644,8,120527,53,120527,559
735,15,4,16,87130,99496,7,89490,8,89225,49,87130,2175
736,16,4,4,37,45,8,37,8,37,52,37,1577
737,16,4,4,33,36,7,34,7,33,56,33,1772
738,16,4,4,33,38,7,34,8,34,50,33,5068
739,16,4,4,31,34,9,31,8,31,53,31,2019
740,16,4,4,30,33,7,31,7,30,49,30,5138
741,16,4,8,604,731,8,632,8,616,52,604,9788
742,16,4,8,406,470,10,409,11,408,56,406,660
743,16,4,8,454,559,7,461,8,460,50,454,6357
744,16,4,8,527,568,8,539,8,536,57,527,4890
745,16,4,8,518,579,7,526,8,521,51,518,10374
746,16,4,16,106322,134890,10,107951,8,109484,56,106322,12988
747,16,4,16,156831,171505,9,159570,8,160894,54,156831,52761
748,16,4,16,165485,179829,10,168506,9,168836,54,165485,104595
749,16,4,16,122400,139828,10,123393,8,122786,55,122400,3836
750,16,4,16,135810,159271,9,137129,8,136391,54,135810,9967
751,17,4,4,42,45,9,42,9,42,57,42,18086
752,17,4,4,35,38,10,35,9,35,70,35,9417
753,17,4,4,36,41,8,37,9,37,55,36,14553
754,17,4,4,45,49,9,45,9,45,57,45,35244
755,17,4,4,36,38,10,36,9,36,58,36,50491
756,17,4,8,548,591,11,562,9,554,61,548,39161
757,17,4,8,571,649,10,579,9,576,57,571,38559
758,17,4,8,524,592,10,532,9,534,58,524,37394
759,17,4,8,425,515,10,432,9,433,58,425,44551
760,17,4,8,502,580,10,507,9,507,58,502,14459
761,17,4,16,149493,161847,9,154608,9,151052,58,149493,209648
762,17,4,16,129887,162683,11,131256,9,133872,59,129887,132320
763,17,4,16,141884,151755,11,144240,9,147122,58,141884,22033
764,17,4,16,152957,161252,9,158489,9,156290,57,152957,81265
765,17,4,16,156129,164768,10,169403,9,157078,60,156129,5179
766,18,4,4,38,41,8,38,9,38,56,38,21481
767,18,4,4,36,44,11,37,9,37,59,36,10024
768,18,4,4,33,35,8,33,9,33,56,33,50942
769,18,4,4,38,44,14,38,13,38,74,38,25088
770,18,4,4,32,39,11,32,10,32,61,32,14095
771,18,4,8,624,687,10,656,10,636,60,624,619453
772,18,4,8,575,719,10,591,10,577,59,575,183158
773,18,4,8,688,778,11,720,9,713,59,688,1476218
774,18,4,8,614,705,11,626,10,622,61,614,17230
775,18,4,8,477,556,13,488,12,482,76,477,46602
776,18,4,16,141430,154053,11,147832,10,142045,63,141430,24081
777,18,4,16,182612,197703,10,187062,9,184825,58,182612,434760
778,18,4,16,146406,153473,10,150410,10,147211,60,146406,138708
779,18,4,16,165197,180109,10,167071,10,165553,62,165197,45342
780,18,4,16,134315,154999,10,135151,10,134997,59,134315,97949
781,19,4,4,32,39,11,32,10,32,63,32,55119
782,19,4,4,39,46,11,39,10,39,61,39,387024
783,19,4,4,36,40,11,36,10,36,62,36,121207
784,19,4,4,43,44,10,43,9,43,61,43,408764
785,19,4,4,32,34,11,32,10,32,61,32,77802
786,19,4,8,568,605,12,587,10,571,63,568,287110
787,19,4,8,623,737,10,642,10,635,62,623,809954
788,19,4,8,646,734,11,661,10,660,62,646,1018194
789,19,4,8,599,690,11,626,10,611,63,599,185896
790,19,4,8,605,674,11,609,10,616,69,605,1218275
791,19,4,16,152665,166921,11,154987,10,153539,62,152665,497450
792,19,4,16,141115,162040,18,143652,10,143177,75,141115,83160
793,19,4,16,172844,187232,11,180067,10,176095,64,172844,1591181
794,19,4,16,174510,186690,11,175812,10,175430,62,174510,208612
795,19,4,16,171743,191492,11,179201,10,174671,63,171743,1094344
796,20,4,4,39,42,11,39,11,39,65,39,89320
797,20,4,4,35,38,14,35,13,35,72,35,700014
798,20,4,4,34,43,11,34,10,34,65,34,36127
799,20,4,4,37,42,11,37,10,37,67,37,747827
800,20,4,4,43,51,17,43,11,43,64,43,223270
801,20,4,8,588,632,11,619,11,591,66,588,394412
802,20,4,8,493,618,11,497,10,503,65,493,859992
803,20,4,8,634,697,11,643,11,638,63,634,2637361
804,20,4,8,789,863,12,801,10,817,66,789,462041
805,20,4,8,639,756,11,644,10,642,64,639,1168084
806,20,4,16,156109,165815,11,157299,11,158258,64,156109,929813
807,20,4,16,125848,154427,11,126049,11,126758,65,125848,46679
808,20,4,16,191409,222303,11,193412,11,192295,64,191409,1009808
809,20,4,16,164350,198959,11,165546,10,166816,68,164350,446371
810,20,4,16,149803,171494,11,151051,11,150249,66,149803,72177
811,5,5,4,14,14,6,14,4,14,26,14,5
812,5,5,4,13,13,3,13,3,13,21,13,5
813,5,5,4,14,14,3,14,3,14,24,14,4
814,5,5,4,11,11,3,11,3,11,21,11,5
815,5,5,4,14,14,3,14,3,14,21,14,4
816,5,5,8,247,247,3,247,3,247,21,247,5
817,5,5,8,244,244,3,244,3,244,21,244,5
818,5,5,8,252,252,3,252,3,252,21,252,4
819,5,5,8,235,235,3,235,3,235,21,235,5
820,5,5,8,231,231,3,231,3,231,21,231,5
821,5,5,16,65336,65336,3,65336,3,65336,23,65336,5
822,5,5,16,64074,64074,3,64074,3,64074,22,64074,4
823,5,5,16,61993,61993,3,61993,3,61993,18,61993,5
824,5,5,16,44396,44396,3,44396,3,44396,21,44396,4
825,5,5,16,40424,40424,3,40424,3,40424,21,40424,5
826,6,5,4,15,15,3,15,4,15,24,15,5
827,6,5,4,15,20,3,15,4,15,26,15,5
828,6,5,4,15,16,4,15,4,15,24,15,5
829,6,5,4,13,13,3,13,4,13,23,13,5
830,6,5,4,16,21,3,16,4,16,25,16,12
831,6,5,8,255,261,3,255,4,255,28,255,5
832,6,5,8,224,224,3,224,4,224,24,224,5
833,6,5,8,213,213,3,213,11,213,26,213,5
834,6,5,8,231,244,3,231,3,231,25,231,5
835,6,5,8,210,210,3,210,4,210,27,210,5
836,6,5,16,23276,23276,3,23276,4,23276,24,23276,5
837,6,5,16,54765,54765,3,54765,4,54765,24,54765,5
838,6,5,16,64879,92338,4,64879,3,64879,34,64879,5
839,6,5,16,63525,63525,3,63525,4,63525,26,63525,5
840,6,5,16,52496,52496,3,52496,4,52496,25,52496,5
841,7,5,4,15,16,4,15,4,15,27,15,12
842,7,5,4,12,12,4,12,4,12,30,12,5
843,7,5,4,15,15,4,15,4,15,30,15,6
844,7,5,4,21,21,4,21,4,21,27,21,12
845,7,5,4,14,18,4,14,4,14,29,14,5
846,7,5,8,226,226,4,226,4,226,28,226,5
847,7,5,8,254,254,4,254,4,254,30,254,5
848,7,5,8,244,244,4,244,4,244,25,244,5
849,7,5,8,240,240,4,240,4,240,30,240,5
850,7,5,8,238,310,4,238,4,238,29,238,16
851,7,5,16,62094,62094,4,62094,4,62094,28,62094,13
852,7,5,16,59445,59445,4,59445,4,59445,27,59445,5
853,7,5,16,70538,76644,4,70538,4,70538,28,70538,13
854,7,5,16,63468,77136,4,63468,4,63468,29,63468,5
855,7,5,16,60027,60027,4,60027,4,60027,30,60027,5
856,8,5,4,16,16,4,16,4,16,30,16,17
857,8,5,4,15,16,4,15,5,15,32,15,6
858,8,5,4,13,14,4,13,5,13,33,13,6
859,8,5,4,10,13,4,10,5,10,30,10,6
860,8,5,4,15,15,4,15,4,15,30,15,6
861,8,5,8,331,374,4,331,5,331,31,331,15
862,8,5,8,253,253,4,253,4,253,30,253,6
863,8,5,8,223,284,4,223,5,223,31,223,6
864,8,5,8,254,331,4,254,5,254,30,254,6
865,8,5,8,252,355,4,252,4,252,30,252,6
866,8,5,16,57562,64686,4,57562,8,57562,34,57562,6
867,8,5,16,64075,86097,4,64075,5,64075,33,64075,14
868,8,5,16,77320,97726,4,77320,4,77549,32,77320,14
869,8,5,16,79596,82743,4,79596,4,79596,31,79596,16
870,8,5,16,42092,52105,4,42092,5,42092,33,42092,6
871,9,5,4,17,18,4,17,5,17,34,17,21
872,9,5,4,22,23,5,22,5,22,33,22,15
873,9,5,4,15,19,4,15,5,15,35,15,6
874,9,5,4,16,18,5,16,5,16,34,16,17
875,9,5,4,17,22,5,17,5,17,35,17,17
876,9,5,8,251,379,5,251,5,252,36,251,6
877,9,5,8,150,168,4,150,5,150,36,150,6
878,9,5,8,313,345,5,313,5,313,35,313,14
879,9,5,8,234,234,4,234,5,234,33,234,6
880,9,5,8,344,416,4,344,5,344,35,344,14
881,9,5,16,95349,120910,5,95349,5,95349,35,95349,14
882,9,5,16,63521,79308,5,66253,5,63521,36,63521,24
883,9,5,16,72996,90546,4,72996,5,72996,35,72996,30
884,9,5,16,73619,80549,4,73619,5,73619,34,73619,16
885,9,5,16,65523,68697,4,65523,5,65523,33,65523,6
886,10,5,4,17,21,5,17,5,17,37,17,15
887,10,5,4,18,22,5,18,5,18,37,18,16
888,10,5,4,17,19,5,17,5,17,37,17,18
889,10,5,4,16,16,5,16,5,16,37,16,16
890,10,5,4,21,24,5,21,5,21,37,21,24
891,10,5,8,270,282,5,283,5,270,37,270,47
892,10,5,8,285,333,5,285,5,285,37,285,26
893,10,5,8,283,284,7,314,7,283,38,283,55
894,10,5,8,304,357,5,304,6,305,36,304,25
895,10,5,8,340,415,5,340,5,340,39,340,18
896,10,5,16,77519,88321,5,77519,5,77519,39,77519,16
897,10,5,16,64654,94815,5,64654,5,64654,46,64654,7
898,10,5,16,73846,98127,5,73846,5,73846,38,73846,18
899,10,5,16,63983,77999,5,63983,5,63983,39,63983,7
900,10,5,16,84392,107672,5,84392,5,84728,38,84392,18
901,11,5,4,20,28,5,20,6,20,41,20,14
902,11,5,4,17,19,5,17,6,17,39,17,59
903,11,5,4,21,26,5,23,6,21,40,21,32
904,11,5,4,17,19,6,18,6,17,39,17,52
905,11,5,4,16,23,5,16,6,16,39,16,22
906,11,5,8,248,361,5,248,6,248,42,248,7
907,11,5,8,294,311,6,294,6,295,41,294,17
908,11,5,8,313,386,5,313,6,313,41,313,15
909,11,5,8,233,315,5,233,6,234,40,233,16
910,11,5,8,251,398,5,252,6,251,41,251,28
911,11,5,16,71679,72152,5,71679,6,72024,39,71679,14
912,11,5,16,80293,103989,5,80293,6,80343,40,80293,15
913,11,5,16,67183,67183,5,67183,6,67360,41,67183,14
914,11,5,16,79774,102593,5,79774,6,79913,40,79774,15
915,11,5,16,88983,101415,5,88983,6,89019,40,88983,32
916,12,5,4,25,28,8,25,6,25,43,25,15
917,12,5,4,18,22,6,18,6,18,42,18,27
918,12,5,4,20,25,6,21,6,21,44,20,69
919,12,5,4,19,23,7,19,6,19,54,19,17
920,12,5,4,19,24,6,19,7,19,44,19,74
921,12,5,8,396,467,6,404,7,398,43,396,78
922,12,5,8,414,473,6,414,6,414,42,414,15
923,12,5,8,304,440,6,304,6,304,44,304,17
924,12,5,8,458,550,6,504,6,458,43,458,3837
925,12,5,8,253,339,9,263,7,253,50,253,75
926,12,5,16,105028,115484,6,105028,7,105028,45,105028,16
927,12,5,16,87965,108512,6,87965,101,87965,47,87965,18
928,12,5,16,83877,114961,6,83877,7,83877,52,83877,551
929,12,5,16,91346,115276,7,91346,7,91346,49,91346,18
930,12,5,16,72302,82202,6,72302,7,72444,45,72302,16
931,13,5,4,22,24,6,22,7,22,45,22,23
932,13,5,4,25,30,6,25,7,25,46,25,53
933,13,5,4,15,21,6,15,7,15,53,15,31
934,13,5,4,23,27,6,23,7,23,45,23,38
935,13,5,4,27,32,6,29,6,27,47,27,1184
936,13,5,8,420,488,7,484,7,420,114,420,1732
937,13,5,8,241,338,7,241,7,242,53,241,9
938,13,5,8,332,369,6,337,7,333,60,332,54
939,13,5,8,341,357,6,341,7,341,46,341,16
940,13,5,8,384,453,6,384,7,384,47,384,16
941,13,5,16,57301,76492,6,57577,7,57312,48,57301,38
942,13,5,16,93396,105589,6,97568,7,93396,47,93396,85
943,13,5,16,87744,97943,6,87744,7,87744,47,87744,17
944,13,5,16,84680,114775,6,84680,7,84680,47,84680,16
945,13,5,16,82722,89623,6,85775,7,82722,47,82722,70
946,14,5,4,25,30,6,25,7,25,47,25,183
947,14,5,4,23,29,6,24,7,23,60,23,135
948,14,5,4,22,30,7,22,7,22,48,22,170
949,14,5,4,27,29,6,27,7,27,48,27,49
950,14,5,4,22,28,6,23,7,22,48,22,145
951,14,5,8,366,454,6,379,7,367,50,366,317
952,14,5,8,364,448,6,383,7,367,50,364,427
953,14,5,8,356,441,6,356,7,358,49,356,16
954,14,5,8,402,423,6,402,7,403,48,402,7690
955,14,5,8,324,366,9,334,8,324,53,324,75
956,14,5,16,95506,107087,7,98498,8,96382,50,95506,298
957,14,5,16,103727,125728,7,106460,7,104899,49,103727,1841
958,14,5,16,98748,127433,8,99986,8,98819,53,98748,77
959,14,5,16,95614,132303,6,99500,7,95614,50,95614,288
960,14,5,16,96564,104832,7,104220,7,100049,51,96564,1388
961,15,5,4,27,33,9,28,8,27,177,27,2531
962,15,5,4,26,28,8,27,8,26,52,26,2286
963,15,5,4,23,29,7,24,8,23,53,23,424
964,15,5,4,26,30,7,26,8,26,51,26,16
965,15,5,4,19,24,7,19,7,19,52,19,216
966,15,5,8,336,423,7,337,7,340,52,336,1418
967,15,5,8,441,542,7,455,8,445,52,441,5180
968,15,5,8,316,357,8,331,8,317,54,316,609
969,15,5,8,347,430,7,355,8,353,52,347,4538
970,15,5,8,374,408,9,389,8,394,55,374,8720
971,15,5,16,93622,105310,8,95111,8,93622,56,93622,381
972,15,5,16,79261,86507,7,84201,8,80416,53,79261,4134
973,15,5,16,107558,110079,8,109895,8,109681,53,107558,3803
974,15,5,16,106149,124803,9,106149,8,106149,56,106149,17
975,15,5,16,71575,75481,7,71575,8,71804,53,71575,16
976,16,5,4,29,33,7,30,8,30,53,29,3379
977,16,5,4,22,29,8,22,8,22,56,22,99
978,16,5,4,18,26,7,18,8,18,58,18,60
979,16,5,4,25,33,7,25,8,25,53,25,961
980,16,5,4,29,36,7,29,8,29,70,29,5041
981,16,5,8,387,450,8,387,9,388,58,387,18
982,16,5,8,383,498,7,395,8,389,55,383,6334
983,16,5,8,374,396,9,376,15,375,59,374,204
984,16,5,8,377,434,7,392,18,386,54,377,1921
985,16,5,8,324,383,8,328,8,328,57,324,220
986,16,5,16,118982,160180,7,122023,8,120858,55,118982,2490
987,16,5,16,128843,156363,8,143101,9,129151,56,128843,4909
988,16,5,16,116879,125063,9,120976,9,119822,59,116879,22009
989,16,5,16,150188,181582,9,161301,9,150359,58,150188,39470
990,16,5,16,92864,116983,11,94311,8,93766,59,92864,6119
991,17,5,4,27,37,8,28,9,28,58,27,627
992,17,5,4,32,38,7,32,9,32,57,32,5450
993,17,5,4,26,28,11,27,10,27,58,26,3116
994,17,5,4,25,28,9,25,10,25,62,25,483
995,17,5,4,27,34,8,27,9,27,77,27,13989
996,17,5,8,521,567,10,542,10,539,61,521,81893
997,17,5,8,463,571,14,492,13,471,80,463,7841
998,17,5,8,444,522,9,469,9,454,60,444,122357
999,17,5,8,435,557,11,442,10,444,63,435,42942
1000,17,5,8,313,426,10,316,10,316,63,313,14666
1001,17,5,16,126102,156115,8,138663,9,126638,61,126102,5916
1002,17,5,16,140583,162724,9,145817,10,141675,68,140583,72477
1003,17,5,16,80307,91330,11,83713,10,80880,64,80307,2781
1004,17,5,16,158516,172900,8,164026,9,161137,59,158516,343295
1005,17,5,16,115554,123174,10,119467,10,116101,64,115554,26777
1006,18,5,4,32,38,11,34,10,32,63,32,2284
1007,18,5,4,32,41,9,32,10,32,61,32,50972
1008,18,5,4,27,31,13,28,13,27,82,27,15428
1009,18,5,4,30,33,11,31,10,31,72,30,30150
1010,18,5,4,25,30,10,25,10,25,62,25,3475
1011,18,5,8,415,539,9,434,10,417,64,415,4022
1012,18,5,8,477,606,9,482,10,481,61,477,33469
1013,18,5,8,501,563,11,524,10,502,63,501,37549
1014,18,5,8,549,657,10,560,10,558,73,549,11469
1015,18,5,8,521,642,11,536,11,531,64,521,57619
1016,18,5,16,111768,121287,11,112596,10,113388,70,111768,20705
1017,18,5,16,104387,115624,10,105166,10,108833,62,104387,152858
1018,18,5,16,111829,130848,11,114802,11,114633,65,111829,14907
1019,18,5,16,128723,154038,11,136857,10,131674,63,128723,160399
1020,18,5,16,105327,120395,11,112906,11,106606,67,105327,4170
1021,19,5,4,40,45,8,41,10,40,63,40,2495256
1022,19,5,4,36,43,11,37,10,36,67,36,254372
1023,19,5,4,34,37,18,36,10,35,69,34,26688
1024,19,5,4,32,37,11,33,10,32,66,32,232047
1025,19,5,4,37,43,10,38,10,37,65,37,1535898
1026,19,5,8,490,619,12,512,11,494,67,490,610082
1027,19,5,8,370,399,11,377,11,372,70,370,11027
1028,19,5,8,507,618,10,539,10,519,66,507,2164720
1029,19,5,8,484,572,11,501,11,500,69,484,164664
1030,19,5,8,645,718,11,676,11,654,66,645,4475122
1031,19,5,16,121603,153550,12,126827,11,123216,68,121603,477588
1032,19,5,16,122168,143668,11,126783,11,124797,69,122168,119845
1033,19,5,16,91247,110827,14,92205,13,92697,86,91247,271605
1034,19,5,16,142597,171591,11,148406,11,143417,71,142597,645750
1035,19,5,16,134554,155336,11,140183,11,135148,69,134554,18390
1036,20,5,4,35,42,11,35,11,35,70,35,59669
1037,20,5,4,35,41,12,36,11,35,70,35,671355
1038,20,5,4,33,35,11,33,11,33,70,33,147163
1039,20,5,4,33,40,12,34,11,33,71,33,81937
1040,20,5,4,32,34,11,33,10,32,70,32,470371
1041,20,5,8,479,620,12,489,12,481,70,479,49749
1042,20,5,8,478,507,12,494,11,493,69,478,2158549
1043,20,5,8,386,417,17,395,16,390,88,386,97844
1044,20,5,8,517,625,11,535,11,524,70,517,385684
1045,20,5,8,652,694,11,663,11,664,69,652,4235182
1046,20,5,16,132432,167527,16,135259,11,135024,71,132432,1416809
1047,20,5,16,136752,157232,14,140690,14,137428,89,136752,14450
1048,20,5,16,126564,147964,11,128772,11,129199,68,126564,451303
1049,20,5,16,138338,158196,12,140103,11,139095,78,138338,48318
1050,20,5,16,144454,173347,11,152370,11,147531,69,144454,435082
